# cmd=C:\Users\User\Downloads\Godot_v4.7.1-stable_win64\Godot_v4.7.1-stable_win64_console.exe --path C:\Users\User\Documents\GodotProjects\date_factory --resolution 1920x1080 --windowed
# APPDATA=C:\Users\User\Documents\GodotProjects\date_factory\tmp\px_pass_01\userdata_B
# utc=2026-08-09T18:33:49Z
Godot Engine v4.7.1.stable.official.a13da4feb - https://godotengine.org
Vulkan 1.4.303 - Forward+ - Using Device #0: NVIDIA - NVIDIA GeForce RTX 4060 Laptop GPU

SCRIPT ERROR: Parse Error: Could not find type "GameTypes" in the current scope.
   at: GDScript::reload (res://game/state/game_state.gd:10)
SCRIPT ERROR: Parse Error: Could not find type "GameTypes" in the current scope.
   at: GDScript::reload (res://game/state/game_state.gd:20)
SCRIPT ERROR: Parse Error: Could not find type "GameTypes" in the current scope.
   at: GDScript::reload (res://game/state/game_state.gd:20)
SCRIPT ERROR: Parse Error: Could not find type "GameTypes" in the current scope.
   at: GDScript::reload (res://game/state/game_state.gd:30)
SCRIPT ERROR: Parse Error: Identifier "GameTypes" not declared in the current scope.
   at: GDScript::reload (res://game/state/game_state.gd:30)
SCRIPT ERROR: Parse Error: Could not find type "GameTypes" in the current scope.
   at: GDScript::reload (res://game/state/game_state.gd:170)
SCRIPT ERROR: Parse Error: Could not find type "GameTypes" in the current scope.
   at: GDScript::reload (res://game/state/game_state.gd:174)
SCRIPT ERROR: Parse Error: Could not find type "GameTypes" in the current scope.
   at: GDScript::reload (res://game/state/game_state.gd:188)
SCRIPT ERROR: Parse Error: Could not find type "DatingDemandEntry" in the current scope.
   at: GDScript::reload (res://game/state/game_state.gd:447)
SCRIPT ERROR: Parse Error: Could not find type "DatingDemandEntry" in the current scope.
   at: GDScript::reload (res://game/state/game_state.gd:548)
SCRIPT ERROR: Parse Error: Could not find type "GameTypes" in the current scope.
   at: GDScript::reload (res://game/state/game_state.gd:715)
SCRIPT ERROR: Parse Error: Could not find type "GameTypes" in the current scope.
   at: GDScript::reload (res://game/state/game_state.gd:730)
SCRIPT ERROR: Parse Error: Could not find type "GameTypes" in the current scope.
   at: GDScript::reload (res://game/state/game_state.gd:783)
SCRIPT ERROR: Parse Error: Could not find type "DatingDemandEntry" in the current scope.
   at: GDScript::reload (res://game/state/game_state.gd:1361)
SCRIPT ERROR: Parse Error: Could not find type "DatingDemandEntry" in the current scope.
   at: GDScript::reload (res://game/state/game_state.gd:1375)
SCRIPT ERROR: Parse Error: Identifier "DfLog" not declared in the current scope.
   at: GDScript::reload (res://game/state/game_state.gd:101)
SCRIPT ERROR: Parse Error: Identifier "GameTypes" not declared in the current scope.
   at: GDScript::reload (res://game/state/game_state.gd:105)
SCRIPT ERROR: Parse Error: Identifier "GameTypes" not declared in the current scope.
   at: GDScript::reload (res://game/state/game_state.gd:178)
SCRIPT ERROR: Parse Error: Identifier "GameTypes" not declared in the current scope.
   at: GDScript::reload (res://game/state/game_state.gd:178)
SCRIPT ERROR: Parse Error: Could not find type "GameTypes" in the current scope.
   at: GDScript::reload (res://game/state/game_state.gd:181)
SCRIPT ERROR: Parse Error: Identifier "GameTypes" not declared in the current scope.
   at: GDScript::reload (res://game/state/game_state.gd:189)
SCRIPT ERROR: Parse Error: Identifier "GameTypes" not declared in the current scope.
   at: GDScript::reload (res://game/state/game_state.gd:189)
SCRIPT ERROR: Parse Error: Could not find type "GameTypes" in the current scope.
   at: GDScript::reload (res://game/state/game_state.gd:192)
SCRIPT ERROR: Parse Error: Could not find type "DatingDemandEntry" in the current scope.
   at: GDScript::reload (res://game/state/game_state.gd:458)
SCRIPT ERROR: Parse Error: Could not find type "DatingDemandEntry" in the current scope.
   at: GDScript::reload (res://game/state/game_state.gd:458)
SCRIPT ERROR: Parse Error: Could not find type "DatingDemandEntry" in the current scope.
   at: GDScript::reload (res://game/state/game_state.gd:470)
SCRIPT ERROR: Parse Error: Could not find type "DatingDemandEntry" in the current scope.
   at: GDScript::reload (res://game/state/game_state.gd:470)
SCRIPT ERROR: Parse Error: Could not find type "DatingDemandEntry" in the current scope.
   at: GDScript::reload (res://game/state/game_state.gd:477)
SCRIPT ERROR: Parse Error: Could not find type "DatingOverloadTypes" in the current scope.
   at: GDScript::reload (res://game/state/game_state.gd:480)
SCRIPT ERROR: Parse Error: Could not find type "DatingDemandEntry" in the current scope.
   at: GDScript::reload (res://game/state/game_state.gd:485)
SCRIPT ERROR: Parse Error: Identifier "DatingOverloadTypes" not declared in the current scope.
   at: GDScript::reload (res://game/state/game_state.gd:488)
SCRIPT ERROR: Parse Error: Identifier "DatingOverloadTypes" not declared in the current scope.
   at: GDScript::reload (res://game/state/game_state.gd:490)
SCRIPT ERROR: Parse Error: Could not find type "DatingDemandEntry" in the current scope.
   at: GDScript::reload (res://game/state/game_state.gd:550)
SCRIPT ERROR: Parse Error: Could not find type "DatingDemandEntry" in the current scope.
   at: GDScript::reload (res://game/state/game_state.gd:550)
SCRIPT ERROR: Parse Error: Identifier "GameTypes" not declared in the current scope.
   at: GDScript::reload (res://game/state/game_state.gd:717)
SCRIPT ERROR: Parse Error: Identifier "GameTypes" not declared in the current scope.
   at: GDScript::reload (res://game/state/game_state.gd:719)
SCRIPT ERROR: Parse Error: Identifier "GameTypes" not declared in the current scope.
   at: GDScript::reload (res://game/state/game_state.gd:721)
SCRIPT ERROR: Parse Error: Identifier "GameTypes" not declared in the current scope.
   at: GDScript::reload (res://game/state/game_state.gd:723)
SCRIPT ERROR: Parse Error: Identifier "GameTypes" not declared in the current scope.
   at: GDScript::reload (res://game/state/game_state.gd:738)
SCRIPT ERROR: Parse Error: Identifier "GameTypes" not declared in the current scope.
   at: GDScript::reload (res://game/state/game_state.gd:740)
SCRIPT ERROR: Parse Error: Identifier "GameTypes" not declared in the current scope.
   at: GDScript::reload (res://game/state/game_state.gd:742)
SCRIPT ERROR: Parse Error: Identifier "GameTypes" not declared in the current scope.
   at: GDScript::reload (res://game/state/game_state.gd:744)
SCRIPT ERROR: Parse Error: Identifier "GameTypes" not declared in the current scope.
   at: GDScript::reload (res://game/state/game_state.gd:804)
SCRIPT ERROR: Parse Error: Identifier "GameTypes" not declared in the current scope.
   at: GDScript::reload (res://game/state/game_state.gd:806)
SCRIPT ERROR: Parse Error: Identifier "GameTypes" not declared in the current scope.
   at: GDScript::reload (res://game/state/game_state.gd:808)
SCRIPT ERROR: Parse Error: Identifier "GameTypes" not declared in the current scope.
   at: GDScript::reload (res://game/state/game_state.gd:810)
SCRIPT ERROR: Parse Error: Identifier "LateGameTypes" not declared in the current scope.
   at: GDScript::reload (res://game/state/game_state.gd:1280)
SCRIPT ERROR: Parse Error: Expression in match pattern must be a constant expression, an identifier, or an attribute access ("A.B").
   at: GDScript::reload (res://game/state/game_state.gd:1280)
SCRIPT ERROR: Parse Error: Identifier "LateGameTypes" not declared in the current scope.
   at: GDScript::reload (res://game/state/game_state.gd:1285)
SCRIPT ERROR: Parse Error: Expression in match pattern must be a constant expression, an identifier, or an attribute access ("A.B").
   at: GDScript::reload (res://game/state/game_state.gd:1285)
SCRIPT ERROR: Parse Error: Identifier "LateGameTypes" not declared in the current scope.
   at: GDScript::reload (res://game/state/game_state.gd:1290)
SCRIPT ERROR: Parse Error: Expression in match pattern must be a constant expression, an identifier, or an attribute access ("A.B").
   at: GDScript::reload (res://game/state/game_state.gd:1290)
SCRIPT ERROR: Parse Error: Identifier "CloneIncrementalTypes" not declared in the current scope.
   at: GDScript::reload (res://game/state/game_state.gd:1320)
SCRIPT ERROR: Parse Error: Identifier "CloneIncrementalTypes" not declared in the current scope.
   at: GDScript::reload (res://game/state/game_state.gd:1324)
SCRIPT ERROR: Parse Error: Identifier "CloneIncrementalTypes" not declared in the current scope.
   at: GDScript::reload (res://game/state/game_state.gd:1328)
SCRIPT ERROR: Parse Error: Identifier "CloneIncrementalTypes" not declared in the current scope.
   at: GDScript::reload (res://game/state/game_state.gd:1337)
SCRIPT ERROR: Parse Error: Expression in match pattern must be a constant expression, an identifier, or an attribute access ("A.B").
   at: GDScript::reload (res://game/state/game_state.gd:1337)
SCRIPT ERROR: Parse Error: Identifier "CloneIncrementalTypes" not declared in the current scope.
   at: GDScript::reload (res://game/state/game_state.gd:1342)
SCRIPT ERROR: Parse Error: Expression in match pattern must be a constant expression, an identifier, or an attribute access ("A.B").
   at: GDScript::reload (res://game/state/game_state.gd:1342)
SCRIPT ERROR: Parse Error: Identifier "CloneIncrementalTypes" not declared in the current scope.
   at: GDScript::reload (res://game/state/game_state.gd:1347)
SCRIPT ERROR: Parse Error: Expression in match pattern must be a constant expression, an identifier, or an attribute access ("A.B").
   at: GDScript::reload (res://game/state/game_state.gd:1347)
SCRIPT ERROR: Parse Error: Identifier "DatingOverloadTypes" not declared in the current scope.
   at: GDScript::reload (res://game/state/game_state.gd:1394)
SCRIPT ERROR: Parse Error: Identifier "DatingOverloadTypes" not declared in the current scope.
   at: GDScript::reload (res://game/state/game_state.gd:1395)
SCRIPT ERROR: Parse Error: Identifier "DatingOverloadTypes" not declared in the current scope.
   at: GDScript::reload (res://game/state/game_state.gd:1399)
SCRIPT ERROR: Parse Error: Identifier "DatingOverloadTypes" not declared in the current scope.
   at: GDScript::reload (res://game/state/game_state.gd:1400)
SCRIPT ERROR: Parse Error: Identifier "DatingOverloadTypes" not declared in the current scope.
   at: GDScript::reload (res://game/state/game_state.gd:1401)
SCRIPT ERROR: Parse Error: Could not find type "DatingDemandEntry" in the current scope.
   at: GDScript::reload (res://game/state/game_state.gd:1404)
SCRIPT ERROR: Parse Error: Identifier "DatingDemandEntry" not declared in the current scope.
   at: GDScript::reload (res://game/state/game_state.gd:1404)
SCRIPT ERROR: Parse Error: Could not find type "DatingOverloadTypes" in the current scope.
   at: GDScript::reload (res://game/state/game_state.gd:1409)
SCRIPT ERROR: Parse Error: Could not find type "DatingOverloadTypes" in the current scope.
   at: GDScript::reload (res://game/state/game_state.gd:1410)
SCRIPT ERROR: Parse Error: Could not find type "DatingDemandEntry" in the current scope.
   at: GDScript::reload (res://game/state/game_state.gd:1455)
SCRIPT ERROR: Parse Error: Could not find type "DatingDemandEntry" in the current scope.
   at: GDScript::reload (res://game/state/game_state.gd:1455)
SCRIPT ERROR: Parse Error: Identifier "GameTypes" not declared in the current scope.
   at: GDScript::reload (res://game/state/game_state.gd:1529)
SCRIPT ERROR: Parse Error: Identifier "GameTypes" not declared in the current scope.
   at: GDScript::reload (res://game/state/game_state.gd:1529)
SCRIPT ERROR: Parse Error: Could not find type "GameTypes" in the current scope.
   at: GDScript::reload (res://game/state/game_state.gd:1630)
SCRIPT ERROR: Parse Error: Could not find type "DatingDemandEntry" in the current scope.
   at: GDScript::reload (res://game/state/game_state.gd:1835)
ERROR: Failed to load script "res://game/state/game_state.gd" with error "Parse error".
   at: load (modules/gdscript/gdscript_resource_format.cpp:46)
ERROR: Failed to instantiate an autoload, script 'res://game/state/game_state.gd' does not inherit from 'Node'.
   at: start (main/main.cpp:4535)
SCRIPT ERROR: Parse Error: Identifier "StoryIds" not declared in the current scope.
   at: GDScript::reload (res://data/catalog/content_db.gd:8)
SCRIPT ERROR: Parse Error: Identifier "StoryIds" not declared in the current scope.
   at: GDScript::reload (res://data/catalog/content_db.gd:9)
SCRIPT ERROR: Parse Error: Identifier "StoryIds" not declared in the current scope.
   at: GDScript::reload (res://data/catalog/content_db.gd:10)
SCRIPT ERROR: Parse Error: Identifier "StoryIds" not declared in the current scope.
   at: GDScript::reload (res://data/catalog/content_db.gd:11)
SCRIPT ERROR: Parse Error: Identifier "StoryIds" not declared in the current scope.
   at: GDScript::reload (res://data/catalog/content_db.gd:12)
SCRIPT ERROR: Parse Error: Identifier "StoryIds" not declared in the current scope.
   at: GDScript::reload (res://data/catalog/content_db.gd:13)
SCRIPT ERROR: Parse Error: Identifier "StoryIds" not declared in the current scope.
   at: GDScript::reload (res://data/catalog/content_db.gd:14)
SCRIPT ERROR: Parse Error: Assigned value for constant "RESERVED_STORY_GIRL_IDS" isn't a constant expression.
   at: GDScript::reload (res://data/catalog/content_db.gd:7)
SCRIPT ERROR: Parse Error: Identifier "StoryIds" not declared in the current scope.
   at: GDScript::reload (res://data/catalog/content_db.gd:18)
SCRIPT ERROR: Parse Error: Identifier "StoryIds" not declared in the current scope.
   at: GDScript::reload (res://data/catalog/content_db.gd:19)
SCRIPT ERROR: Parse Error: Identifier "StoryIds" not declared in the current scope.
   at: GDScript::reload (res://data/catalog/content_db.gd:20)
SCRIPT ERROR: Parse Error: Identifier "StoryIds" not declared in the current scope.
   at: GDScript::reload (res://data/catalog/content_db.gd:21)
SCRIPT ERROR: Parse Error: Identifier "StoryIds" not declared in the current scope.
   at: GDScript::reload (res://data/catalog/content_db.gd:22)
SCRIPT ERROR: Parse Error: Assigned value for constant "RESERVED_STORY_RIVAL_IDS" isn't a constant expression.
   at: GDScript::reload (res://data/catalog/content_db.gd:17)
SCRIPT ERROR: Parse Error: Could not find type "ContentCatalog" in the current scope.
   at: GDScript::reload (res://data/catalog/content_db.gd:72)
SCRIPT ERROR: Parse Error: Could not find type "ContentCatalog" in the current scope.
   at: GDScript::reload (res://data/catalog/content_db.gd:120)
SCRIPT ERROR: Parse Error: Could not find type "GameTypes" in the current scope.
   at: GDScript::reload (res://data/catalog/content_db.gd:124)
SCRIPT ERROR: Parse Error: Could not find type "PrimaryTraitDefinition" in the current scope.
   at: GDScript::reload (res://data/catalog/content_db.gd:124)
SCRIPT ERROR: Parse Error: Could not find type "GameTypes" in the current scope.
   at: GDScript::reload (res://data/catalog/content_db.gd:131)
SCRIPT ERROR: Parse Error: Could not find type "SecondaryTraitDefinition" in the current scope.
   at: GDScript::reload (res://data/catalog/content_db.gd:131)
SCRIPT ERROR: Parse Error: Could not find type "GirlDefinition" in the current scope.
   at: GDScript::reload (res://data/catalog/content_db.gd:138)
SCRIPT ERROR: Parse Error: Could not find type "GirlDefinition" in the current scope.
   at: GDScript::reload (res://data/catalog/content_db.gd:146)
SCRIPT ERROR: Parse Error: Could not find type "RivalDefinition" in the current scope.
   at: GDScript::reload (res://data/catalog/content_db.gd:153)
SCRIPT ERROR: Parse Error: Could not find type "RivalDefinition" in the current scope.
   at: GDScript::reload (res://data/catalog/content_db.gd:159)
SCRIPT ERROR: Parse Error: Could not find type "DatingEventDefinition" in the current scope.
   at: GDScript::reload (res://data/catalog/content_db.gd:166)
SCRIPT ERROR: Parse Error: Could not find type "DatingEventPoolDefinition" in the current scope.
   at: GDScript::reload (res://data/catalog/content_db.gd:175)
SCRIPT ERROR: Parse Error: Could not find type "DatingGreetingDefinition" in the current scope.
   at: GDScript::reload (res://data/catalog/content_db.gd:184)
SCRIPT ERROR: Parse Error: Could not find type "DatingGreetingDefinition" in the current scope.
   at: GDScript::reload (res://data/catalog/content_db.gd:191)
SCRIPT ERROR: Parse Error: Could not find type "DatingFarewellDefinition" in the current scope.
   at: GDScript::reload (res://data/catalog/content_db.gd:199)
SCRIPT ERROR: Parse Error: Could not find type "DatingFarewellDefinition" in the current scope.
   at: GDScript::reload (res://data/catalog/content_db.gd:206)
SCRIPT ERROR: Parse Error: Could not find type "DatingActionDefinition" in the current scope.
   at: GDScript::reload (res://data/catalog/content_db.gd:214)
SCRIPT ERROR: Parse Error: Could not find type "PerkDefinition" in the current scope.
   at: GDScript::reload (res://data/catalog/content_db.gd:246)
SCRIPT ERROR: Parse Error: Could not find type "GameTypes" in the current scope.
   at: GDScript::reload (res://data/catalog/content_db.gd:253)
SCRIPT ERROR: Parse Error: Could not find type "CompetitionDefinition" in the current scope.
   at: GDScript::reload (res://data/catalog/content_db.gd:253)
SCRIPT ERROR: Parse Error: Could not find type "LocationDefinition" in the current scope.
   at: GDScript::reload (res://data/catalog/content_db.gd:260)
SCRIPT ERROR: Parse Error: Could not find type "GameTypes" in the current scope.
   at: GDScript::reload (res://data/catalog/content_db.gd:267)
SCRIPT ERROR: Parse Error: Could not find type "StoryStageDefinition" in the current scope.
   at: GDScript::reload (res://data/catalog/content_db.gd:267)
SCRIPT ERROR: Parse Error: Could not find type "AppearanceProfileDefinition" in the current scope.
   at: GDScript::reload (res://data/catalog/content_db.gd:274)
SCRIPT ERROR: Parse Error: Could not find type "AnimationProfileDefinition" in the current scope.
   at: GDScript::reload (res://data/catalog/content_db.gd:281)
SCRIPT ERROR: Parse Error: Could not find type "DiscoverySituationDefinition" in the current scope.
   at: GDScript::reload (res://data/catalog/content_db.gd:288)
SCRIPT ERROR: Parse Error: Could not find type "DiscoveryApproachDefinition" in the current scope.
   at: GDScript::reload (res://data/catalog/content_db.gd:295)
SCRIPT ERROR: Parse Error: Could not find type "PrimaryTraitDefinition" in the current scope.
   at: GDScript::reload (res://data/catalog/content_db.gd:301)
SCRIPT ERROR: Parse Error: Could not find type "SecondaryTraitDefinition" in the current scope.
   at: GDScript::reload (res://data/catalog/content_db.gd:305)
SCRIPT ERROR: Parse Error: Could not find type "GirlDefinition" in the current scope.
   at: GDScript::reload (res://data/catalog/content_db.gd:309)
SCRIPT ERROR: Parse Error: Could not find type "RivalDefinition" in the current scope.
   at: GDScript::reload (res://data/catalog/content_db.gd:313)
SCRIPT ERROR: Parse Error: Could not find type "DatingEventDefinition" in the current scope.
   at: GDScript::reload (res://data/catalog/content_db.gd:317)
SCRIPT ERROR: Parse Error: Could not find type "DatingEventPoolDefinition" in the current scope.
   at: GDScript::reload (res://data/catalog/content_db.gd:321)
SCRIPT ERROR: Parse Error: Could not find type "DatingGreetingDefinition" in the current scope.
   at: GDScript::reload (res://data/catalog/content_db.gd:325)
SCRIPT ERROR: Parse Error: Could not find type "DatingFarewellDefinition" in the current scope.
   at: GDScript::reload (res://data/catalog/content_db.gd:329)
SCRIPT ERROR: Parse Error: Could not find type "GirlDefinition" in the current scope.
   at: GDScript::reload (res://data/catalog/content_db.gd:333)
SCRIPT ERROR: Parse Error: Could not find type "DatingEventDefinition" in the current scope.
   at: GDScript::reload (res://data/catalog/content_db.gd:340)
SCRIPT ERROR: Parse Error: Could not find type "DatingEventPoolDefinition" in the current scope.
   at: GDScript::reload (res://data/catalog/content_db.gd:347)
SCRIPT ERROR: Parse Error: Could not find type "DatingGreetingDefinition" in the current scope.
   at: GDScript::reload (res://data/catalog/content_db.gd:354)
SCRIPT ERROR: Parse Error: Could not find type "DatingFarewellDefinition" in the current scope.
   at: GDScript::reload (res://data/catalog/content_db.gd:361)
SCRIPT ERROR: Parse Error: Could not find type "PerkDefinition" in the current scope.
   at: GDScript::reload (res://data/catalog/content_db.gd:376)
SCRIPT ERROR: Parse Error: Could not find type "CompetitionDefinition" in the current scope.
   at: GDScript::reload (res://data/catalog/content_db.gd:380)
SCRIPT ERROR: Parse Error: Could not find type "LocationDefinition" in the current scope.
   at: GDScript::reload (res://data/catalog/content_db.gd:384)
SCRIPT ERROR: Parse Error: Could not find type "StoryStageDefinition" in the current scope.
   at: GDScript::reload (res://data/catalog/content_db.gd:388)
SCRIPT ERROR: Parse Error: Could not find type "AppearanceProfileDefinition" in the current scope.
   at: GDScript::reload (res://data/catalog/content_db.gd:392)
SCRIPT ERROR: Parse Error: Could not find type "AnimationProfileDefinition" in the current scope.
   at: GDScript::reload (res://data/catalog/content_db.gd:396)
SCRIPT ERROR: Parse Error: Could not find type "DiscoverySituationDefinition" in the current scope.
   at: GDScript::reload (res://data/catalog/content_db.gd:400)
SCRIPT ERROR: Parse Error: Could not find type "ContentCatalog" in the current scope.
   at: GDScript::reload (res://data/catalog/content_db.gd:411)
SCRIPT ERROR: Parse Error: Could not find type "DatingActionDefinition" in the current scope.
   at: GDScript::reload (res://data/catalog/content_db.gd:433)
SCRIPT ERROR: Parse Error: Could not find type "ContentCatalog" in the current scope.
   at: GDScript::reload (res://data/catalog/content_db.gd:449)
SCRIPT ERROR: Parse Error: Could not find type "ContentCatalog" in the current scope.
   at: GDScript::reload (res://data/catalog/content_db.gd:600)
SCRIPT ERROR: Parse Error: Could not find type "ContentCatalog" in the current scope.
   at: GDScript::reload (res://data/catalog/content_db.gd:620)
SCRIPT ERROR: Parse Error: Could not find type "ContentCatalog" in the current scope.
   at: GDScript::reload (res://data/catalog/content_db.gd:675)
SCRIPT ERROR: Parse Error: Could not find type "ContentCatalog" in the current scope.
   at: GDScript::reload (res://data/catalog/content_db.gd:707)
SCRIPT ERROR: Parse Error: Could not find type "ContentCatalog" in the current scope.
   at: GDScript::reload (res://data/catalog/content_db.gd:767)
SCRIPT ERROR: Parse Error: Could not find type "ContentCatalog" in the current scope.
   at: GDScript::reload (res://data/catalog/content_db.gd:796)
SCRIPT ERROR: Parse Error: Could not find type "ContentCatalog" in the current scope.
   at: GDScript::reload (res://data/catalog/content_db.gd:883)
SCRIPT ERROR: Parse Error: Could not find type "ContentCatalog" in the current scope.
   at: GDScript::reload (res://data/catalog/content_db.gd:955)
SCRIPT ERROR: Parse Error: Could not find type "ContentCatalog" in the current scope.
   at: GDScript::reload (res://data/catalog/content_db.gd:987)
SCRIPT ERROR: Parse Error: Could not find type "DatingActionDefinition" in the current scope.
   at: GDScript::reload (res://data/catalog/content_db.gd:1020)
SCRIPT ERROR: Parse Error: Could not find type "ContentCatalog" in the current scope.
   at: GDScript::reload (res://data/catalog/content_db.gd:1047)
SCRIPT ERROR: Parse Error: Could not find type "ContentCatalog" in the current scope.
   at: GDScript::reload (res://data/catalog/content_db.gd:1068)
SCRIPT ERROR: Parse Error: Could not find type "ContentCatalog" in the current scope.
   at: GDScript::reload (res://data/catalog/content_db.gd:1086)
SCRIPT ERROR: Parse Error: Could not find type "ContentCatalog" in the current scope.
   at: GDScript::reload (res://data/catalog/content_db.gd:1113)
SCRIPT ERROR: Parse Error: Could not find type "ContentCatalog" in the current scope.
   at: GDScript::reload (res://data/catalog/content_db.gd:1160)
SCRIPT ERROR: Parse Error: Could not find type "ContentCatalog" in the current scope.
   at: GDScript::reload (res://data/catalog/content_db.gd:1185)
SCRIPT ERROR: Parse Error: Could not find type "ContentCatalog" in the current scope.
   at: GDScript::reload (res://data/catalog/content_db.gd:99)
SCRIPT ERROR: Parse Error: Identifier "DfLog" not declared in the current scope.
   at: GDScript::reload (res://data/catalog/content_db.gd:101)
SCRIPT ERROR: Parse Error: Could not find type "ContentCatalog" in the current scope.
   at: GDScript::reload (res://data/catalog/content_db.gd:103)
SCRIPT ERROR: Parse Error: Identifier "DfLog" not declared in the current scope.
   at: GDScript::reload (res://data/catalog/content_db.gd:110)
SCRIPT ERROR: Parse Error: Identifier "DfLog" not declared in the current scope.
   at: GDScript::reload (res://data/catalog/content_db.gd:113)
SCRIPT ERROR: Parse Error: Could not find type "PrimaryTraitDefinition" in the current scope.
   at: GDScript::reload (res://data/catalog/content_db.gd:128)
SCRIPT ERROR: Parse Error: Could not find type "SecondaryTraitDefinition" in the current scope.
   at: GDScript::reload (res://data/catalog/content_db.gd:135)
SCRIPT ERROR: Parse Error: Could not find type "GirlDefinition" in the current scope.
   at: GDScript::reload (res://data/catalog/content_db.gd:140)
SCRIPT ERROR: Parse Error: Could not find type "GirlDefinition" in the current scope.
   at: GDScript::reload (res://data/catalog/content_db.gd:143)
SCRIPT ERROR: Parse Error: Could not find type "GirlDefinition" in the current scope.
   at: GDScript::reload (res://data/catalog/content_db.gd:147)
SCRIPT ERROR: Parse Error: Could not find type "RivalDefinition" in the current scope.
   at: GDScript::reload (res://data/catalog/content_db.gd:156)
SCRIPT ERROR: Parse Error: Could not find type "RivalDefinition" in the current scope.
   at: GDScript::reload (res://data/catalog/content_db.gd:160)
SCRIPT ERROR: Parse Error: Could not find type "DatingEventDefinition" in the current scope.
   at: GDScript::reload (res://data/catalog/content_db.gd:168)
SCRIPT ERROR: Parse Error: Could not find type "DatingEventDefinition" in the current scope.
   at: GDScript::reload (res://data/catalog/content_db.gd:172)
SCRIPT ERROR: Parse Error: Could not find type "DatingEventPoolDefinition" in the current scope.
   at: GDScript::reload (res://data/catalog/content_db.gd:177)
SCRIPT ERROR: Parse Error: Could not find type "DatingEventPoolDefinition" in the current scope.
   at: GDScript::reload (res://data/catalog/content_db.gd:181)
SCRIPT ERROR: Parse Error: Could not find type "DatingGreetingDefinition" in the current scope.
   at: GDScript::reload (res://data/catalog/content_db.gd:185)
SCRIPT ERROR: Parse Error: Could not find type "DatingGreetingDefinition" in the current scope.
   at: GDScript::reload (res://data/catalog/content_db.gd:193)
SCRIPT ERROR: Parse Error: Could not find type "DatingGreetingDefinition" in the current scope.
   at: GDScript::reload (res://data/catalog/content_db.gd:195)
SCRIPT ERROR: Parse Error: Could not find type "DatingFarewellDefinition" in the current scope.
   at: GDScript::reload (res://data/catalog/content_db.gd:200)
SCRIPT ERROR: Parse Error: Could not find type "DatingFarewellDefinition" in the current scope.
   at: GDScript::reload (res://data/catalog/content_db.gd:208)
SCRIPT ERROR: Parse Error: Could not find type "DatingFarewellDefinition" in the current scope.
   at: GDScript::reload (res://data/catalog/content_db.gd:210)
SCRIPT ERROR: Parse Error: Could not find type "DatingEventDefinition" in the current scope.
   at: GDScript::reload (res://data/catalog/content_db.gd:218)
SCRIPT ERROR: Parse Error: Could not find type "DatingEventDefinition" in the current scope.
   at: GDScript::reload (res://data/catalog/content_db.gd:218)
SCRIPT ERROR: Parse Error: Could not find type "DatingEventDefinition" in the current scope.
   at: GDScript::reload (res://data/catalog/content_db.gd:224)
SCRIPT ERROR: Parse Error: Could not find type "DatingEventDefinition" in the current scope.
   at: GDScript::reload (res://data/catalog/content_db.gd:224)
SCRIPT ERROR: Parse Error: Could not find type "DatingFarewellDefinition" in the current scope.
   at: GDScript::reload (res://data/catalog/content_db.gd:231)
SCRIPT ERROR: Parse Error: Could not find type "DatingFarewellDefinition" in the current scope.
   at: GDScript::reload (res://data/catalog/content_db.gd:231)
SCRIPT ERROR: Parse Error: Could not find type "DatingFarewellDefinition" in the current scope.
   at: GDScript::reload (res://data/catalog/content_db.gd:237)
SCRIPT ERROR: Parse Error: Could not find type "DatingFarewellDefinition" in the current scope.
   at: GDScript::reload (res://data/catalog/content_db.gd:237)
SCRIPT ERROR: Parse Error: Could not find type "PerkDefinition" in the current scope.
   at: GDScript::reload (res://data/catalog/content_db.gd:250)
SCRIPT ERROR: Parse Error: Could not find type "CompetitionDefinition" in the current scope.
   at: GDScript::reload (res://data/catalog/content_db.gd:257)
SCRIPT ERROR: Parse Error: Could not find type "LocationDefinition" in the current scope.
   at: GDScript::reload (res://data/catalog/content_db.gd:264)
SCRIPT ERROR: Parse Error: Could not find type "StoryStageDefinition" in the current scope.
   at: GDScript::reload (res://data/catalog/content_db.gd:271)
SCRIPT ERROR: Parse Error: Could not find type "AppearanceProfileDefinition" in the current scope.
   at: GDScript::reload (res://data/catalog/content_db.gd:278)
SCRIPT ERROR: Parse Error: Could not find type "AnimationProfileDefinition" in the current scope.
   at: GDScript::reload (res://data/catalog/content_db.gd:285)
SCRIPT ERROR: Parse Error: Could not find type "DiscoverySituationDefinition" in the current scope.
   at: GDScript::reload (res://data/catalog/content_db.gd:292)
SCRIPT ERROR: Parse Error: Could not find type "DiscoveryApproachDefinition" in the current scope.
   at: GDScript::reload (res://data/catalog/content_db.gd:298)
SCRIPT ERROR: Parse Error: Identifier "GameTypes" not declared in the current scope.
   at: GDScript::reload (res://data/catalog/content_db.gd:631)
SCRIPT ERROR: Parse Error: Identifier "GameTypes" not declared in the current scope.
   at: GDScript::reload (res://data/catalog/content_db.gd:632)
SCRIPT ERROR: Parse Error: Identifier "GameTypes" not declared in the current scope.
   at: GDScript::reload (res://data/catalog/content_db.gd:633)
SCRIPT ERROR: Parse Error: Identifier "GameTypes" not declared in the current scope.
   at: GDScript::reload (res://data/catalog/content_db.gd:634)
SCRIPT ERROR: Parse Error: Identifier "GameTypes" not declared in the current scope.
   at: GDScript::reload (res://data/catalog/content_db.gd:639)
SCRIPT ERROR: Parse Error: Identifier "GameTypes" not declared in the current scope.
   at: GDScript::reload (res://data/catalog/content_db.gd:640)
SCRIPT ERROR: Parse Error: Identifier "GameTypes" not declared in the current scope.
   at: GDScript::reload (res://data/catalog/content_db.gd:641)
SCRIPT ERROR: Parse Error: Identifier "GameTypes" not declared in the current scope.
   at: GDScript::reload (res://data/catalog/content_db.gd:642)
SCRIPT ERROR: Parse Error: Could not find type "PrimaryTraitDefinition" in the current scope.
   at: GDScript::reload (res://data/catalog/content_db.gd:648)
SCRIPT ERROR: Parse Error: Could not find type "PrimaryTraitDefinition" in the current scope.
   at: GDScript::reload (res://data/catalog/content_db.gd:648)
SCRIPT ERROR: Parse Error: Could not find type "SecondaryTraitDefinition" in the current scope.
   at: GDScript::reload (res://data/catalog/content_db.gd:670)
SCRIPT ERROR: Parse Error: Could not find type "SecondaryTraitDefinition" in the current scope.
   at: GDScript::reload (res://data/catalog/content_db.gd:670)
SCRIPT ERROR: Parse Error: Identifier "GameTypes" not declared in the current scope.
   at: GDScript::reload (res://data/catalog/content_db.gd:679)
SCRIPT ERROR: Parse Error: Identifier "GameTypes" not declared in the current scope.
   at: GDScript::reload (res://data/catalog/content_db.gd:679)
SCRIPT ERROR: Parse Error: Identifier "GameTypes" not declared in the current scope.
   at: GDScript::reload (res://data/catalog/content_db.gd:680)
SCRIPT ERROR: Parse Error: Identifier "GameTypes" not declared in the current scope.
   at: GDScript::reload (res://data/catalog/content_db.gd:680)
SCRIPT ERROR: Parse Error: Identifier "GameTypes" not declared in the current scope.
   at: GDScript::reload (res://data/catalog/content_db.gd:681)
SCRIPT ERROR: Parse Error: Identifier "GameTypes" not declared in the current scope.
   at: GDScript::reload (res://data/catalog/content_db.gd:681)
SCRIPT ERROR: Parse Error: Identifier "GameTypes" not declared in the current scope.
   at: GDScript::reload (res://data/catalog/content_db.gd:682)
SCRIPT ERROR: Parse Error: Identifier "GameTypes" not declared in the current scope.
   at: GDScript::reload (res://data/catalog/content_db.gd:682)
SCRIPT ERROR: Parse Error: Identifier "GameTypes" not declared in the current scope.
   at: GDScript::reload (res://data/catalog/content_db.gd:740)
SCRIPT ERROR: Parse Error: Identifier "GameTypes" not declared in the current scope.
   at: GDScript::reload (res://data/catalog/content_db.gd:741)
SCRIPT ERROR: Parse Error: Identifier "GameTypes" not declared in the current scope.
   at: GDScript::reload (res://data/catalog/content_db.gd:742)
SCRIPT ERROR: Parse Error: Identifier "GameTypes" not declared in the current scope.
   at: GDScript::reload (res://data/catalog/content_db.gd:743)
SCRIPT ERROR: Parse Error: Identifier "GameTypes" not declared in the current scope.
   at: GDScript::reload (res://data/catalog/content_db.gd:748)
SCRIPT ERROR: Parse Error: Identifier "GameTypes" not declared in the current scope.
   at: GDScript::reload (res://data/catalog/content_db.gd:749)
SCRIPT ERROR: Parse Error: Identifier "GameTypes" not declared in the current scope.
   at: GDScript::reload (res://data/catalog/content_db.gd:750)
SCRIPT ERROR: Parse Error: Identifier "GameTypes" not declared in the current scope.
   at: GDScript::reload (res://data/catalog/content_db.gd:751)
SCRIPT ERROR: Parse Error: Identifier "GameTypes" not declared in the current scope.
   at: GDScript::reload (res://data/catalog/content_db.gd:810)
SCRIPT ERROR: Parse Error: Identifier "StoryIds" not declared in the current scope.
   at: GDScript::reload (res://data/catalog/content_db.gd:810)
SCRIPT ERROR: Parse Error: Identifier "GameTypes" not declared in the current scope.
   at: GDScript::reload (res://data/catalog/content_db.gd:811)
SCRIPT ERROR: Parse Error: Identifier "StoryIds" not declared in the current scope.
   at: GDScript::reload (res://data/catalog/content_db.gd:811)
SCRIPT ERROR: Parse Error: Identifier "GameTypes" not declared in the current scope.
   at: GDScript::reload (res://data/catalog/content_db.gd:812)
SCRIPT ERROR: Parse Error: Identifier "StoryIds" not declared in the current scope.
   at: GDScript::reload (res://data/catalog/content_db.gd:812)
SCRIPT ERROR: Parse Error: Identifier "GameTypes" not declared in the current scope.
   at: GDScript::reload (res://data/catalog/content_db.gd:813)
SCRIPT ERROR: Parse Error: Identifier "StoryIds" not declared in the current scope.
   at: GDScript::reload (res://data/catalog/content_db.gd:813)
SCRIPT ERROR: Parse Error: Identifier "GameTypes" not declared in the current scope.
   at: GDScript::reload (res://data/catalog/content_db.gd:814)
SCRIPT ERROR: Parse Error: Identifier "StoryIds" not declared in the current scope.
   at: GDScript::reload (res://data/catalog/content_db.gd:814)
SCRIPT ERROR: Parse Error: Identifier "GameTypes" not declared in the current scope.
   at: GDScript::reload (res://data/catalog/content_db.gd:815)
SCRIPT ERROR: Parse Error: Identifier "StoryIds" not declared in the current scope.
   at: GDScript::reload (res://data/catalog/content_db.gd:815)
SCRIPT ERROR: Parse Error: Identifier "GameTypes" not declared in the current scope.
   at: GDScript::reload (res://data/catalog/content_db.gd:816)
SCRIPT ERROR: Parse Error: Identifier "GameTypes" not declared in the current scope.
   at: GDScript::reload (res://data/catalog/content_db.gd:817)
SCRIPT ERROR: Parse Error: Identifier "StoryIds" not declared in the current scope.
   at: GDScript::reload (res://data/catalog/content_db.gd:817)
SCRIPT ERROR: Parse Error: Identifier "GameTypes" not declared in the current scope.
   at: GDScript::reload (res://data/catalog/content_db.gd:820)
SCRIPT ERROR: Parse Error: Identifier "GameTypes" not declared in the current scope.
   at: GDScript::reload (res://data/catalog/content_db.gd:821)
SCRIPT ERROR: Parse Error: Identifier "StoryIds" not declared in the current scope.
   at: GDScript::reload (res://data/catalog/content_db.gd:821)
SCRIPT ERROR: Parse Error: Identifier "GameTypes" not declared in the current scope.
   at: GDScript::reload (res://data/catalog/content_db.gd:822)
SCRIPT ERROR: Parse Error: Identifier "StoryIds" not declared in the current scope.
   at: GDScript::reload (res://data/catalog/content_db.gd:822)
SCRIPT ERROR: Parse Error: Identifier "GameTypes" not declared in the current scope.
   at: GDScript::reload (res://data/catalog/content_db.gd:823)
SCRIPT ERROR: Parse Error: Identifier "StoryIds" not declared in the current scope.
   at: GDScript::reload (res://data/catalog/content_db.gd:823)
SCRIPT ERROR: Parse Error: Identifier "GameTypes" not declared in the current scope.
   at: GDScript::reload (res://data/catalog/content_db.gd:824)
SCRIPT ERROR: Parse Error: Identifier "StoryIds" not declared in the current scope.
   at: GDScript::reload (res://data/catalog/content_db.gd:824)
SCRIPT ERROR: Parse Error: Identifier "GameTypes" not declared in the current scope.
   at: GDScript::reload (res://data/catalog/content_db.gd:825)
SCRIPT ERROR: Parse Error: Identifier "StoryIds" not declared in the current scope.
   at: GDScript::reload (res://data/catalog/content_db.gd:825)
SCRIPT ERROR: Parse Error: Identifier "GameTypes" not declared in the current scope.
   at: GDScript::reload (res://data/catalog/content_db.gd:826)
SCRIPT ERROR: Parse Error: Identifier "GameTypes" not declared in the current scope.
   at: GDScript::reload (res://data/catalog/content_db.gd:827)
SCRIPT ERROR: Parse Error: Identifier "GameTypes" not declared in the current scope.
   at: GDScript::reload (res://data/catalog/content_db.gd:830)
SCRIPT ERROR: Parse Error: Identifier "GameTypes" not declared in the current scope.
   at: GDScript::reload (res://data/catalog/content_db.gd:831)
SCRIPT ERROR: Parse Error: Identifier "GameTypes" not declared in the current scope.
   at: GDScript::reload (res://data/catalog/content_db.gd:832)
SCRIPT ERROR: Parse Error: Identifier "GameTypes" not declared in the current scope.
   at: GDScript::reload (res://data/catalog/content_db.gd:833)
SCRIPT ERROR: Parse Error: Identifier "GameTypes" not declared in the current scope.
   at: GDScript::reload (res://data/catalog/content_db.gd:834)
SCRIPT ERROR: Parse Error: Identifier "GameTypes" not declared in the current scope.
   at: GDScript::reload (res://data/catalog/content_db.gd:835)
SCRIPT ERROR: Parse Error: Identifier "GameTypes" not declared in the current scope.
   at: GDScript::reload (res://data/catalog/content_db.gd:836)
SCRIPT ERROR: Parse Error: Identifier "GameTypes" not declared in the current scope.
   at: GDScript::reload (res://data/catalog/content_db.gd:837)
SCRIPT ERROR: Parse Error: Identifier "GameTypes" not declared in the current scope.
   at: GDScript::reload (res://data/catalog/content_db.gd:840)
SCRIPT ERROR: Parse Error: Identifier "StoryTypes" not declared in the current scope.
   at: GDScript::reload (res://data/catalog/content_db.gd:840)
SCRIPT ERROR: Parse Error: Identifier "GameTypes" not declared in the current scope.
   at: GDScript::reload (res://data/catalog/content_db.gd:841)
SCRIPT ERROR: Parse Error: Identifier "StoryTypes" not declared in the current scope.
   at: GDScript::reload (res://data/catalog/content_db.gd:841)
SCRIPT ERROR: Parse Error: Identifier "GameTypes" not declared in the current scope.
   at: GDScript::reload (res://data/catalog/content_db.gd:842)
SCRIPT ERROR: Parse Error: Identifier "StoryTypes" not declared in the current scope.
   at: GDScript::reload (res://data/catalog/content_db.gd:842)
SCRIPT ERROR: Parse Error: Identifier "GameTypes" not declared in the current scope.
   at: GDScript::reload (res://data/catalog/content_db.gd:843)
SCRIPT ERROR: Parse Error: Identifier "StoryTypes" not declared in the current scope.
   at: GDScript::reload (res://data/catalog/content_db.gd:843)
SCRIPT ERROR: Parse Error: Identifier "GameTypes" not declared in the current scope.
   at: GDScript::reload (res://data/catalog/content_db.gd:844)
SCRIPT ERROR: Parse Error: Identifier "StoryTypes" not declared in the current scope.
   at: GDScript::reload (res://data/catalog/content_db.gd:844)
SCRIPT ERROR: Parse Error: Identifier "GameTypes" not declared in the current scope.
   at: GDScript::reload (res://data/catalog/content_db.gd:845)
SCRIPT ERROR: Parse Error: Identifier "StoryTypes" not declared in the current scope.
   at: GDScript::reload (res://data/catalog/content_db.gd:845)
SCRIPT ERROR: Parse Error: Identifier "GameTypes" not declared in the current scope.
   at: GDScript::reload (res://data/catalog/content_db.gd:846)
SCRIPT ERROR: Parse Error: Identifier "StoryTypes" not declared in the current scope.
   at: GDScript::reload (res://data/catalog/content_db.gd:846)
SCRIPT ERROR: Parse Error: Identifier "GameTypes" not declared in the current scope.
   at: GDScript::reload (res://data/catalog/content_db.gd:847)
SCRIPT ERROR: Parse Error: Identifier "StoryTypes" not declared in the current scope.
   at: GDScript::reload (res://data/catalog/content_db.gd:847)
SCRIPT ERROR: Parse Error: Identifier "GameTypes" not declared in the current scope.
   at: GDScript::reload (res://data/catalog/content_db.gd:850)
SCRIPT ERROR: Parse Error: Identifier "GameTypes" not declared in the current scope.
   at: GDScript::reload (res://data/catalog/content_db.gd:850)
SCRIPT ERROR: Parse Error: Identifier "GameTypes" not declared in the current scope.
   at: GDScript::reload (res://data/catalog/content_db.gd:851)
SCRIPT ERROR: Parse Error: Identifier "GameTypes" not declared in the current scope.
   at: GDScript::reload (res://data/catalog/content_db.gd:851)
SCRIPT ERROR: Parse Error: Identifier "GameTypes" not declared in the current scope.
   at: GDScript::reload (res://data/catalog/content_db.gd:852)
SCRIPT ERROR: Parse Error: Identifier "GameTypes" not declared in the current scope.
   at: GDScript::reload (res://data/catalog/content_db.gd:852)
SCRIPT ERROR: Parse Error: Identifier "GameTypes" not declared in the current scope.
   at: GDScript::reload (res://data/catalog/content_db.gd:853)
SCRIPT ERROR: Parse Error: Identifier "GameTypes" not declared in the current scope.
   at: GDScript::reload (res://data/catalog/content_db.gd:853)
SCRIPT ERROR: Parse Error: Identifier "GameTypes" not declared in the current scope.
   at: GDScript::reload (res://data/catalog/content_db.gd:854)
SCRIPT ERROR: Parse Error: Identifier "GameTypes" not declared in the current scope.
   at: GDScript::reload (res://data/catalog/content_db.gd:854)
SCRIPT ERROR: Parse Error: Identifier "GameTypes" not declared in the current scope.
   at: GDScript::reload (res://data/catalog/content_db.gd:855)
SCRIPT ERROR: Parse Error: Identifier "GameTypes" not declared in the current scope.
   at: GDScript::reload (res://data/catalog/content_db.gd:855)
SCRIPT ERROR: Parse Error: Identifier "GameTypes" not declared in the current scope.
   at: GDScript::reload (res://data/catalog/content_db.gd:856)
SCRIPT ERROR: Parse Error: Identifier "GameTypes" not declared in the current scope.
   at: GDScript::reload (res://data/catalog/content_db.gd:856)
SCRIPT ERROR: Parse Error: Identifier "GameTypes" not declared in the current scope.
   at: GDScript::reload (res://data/catalog/content_db.gd:857)
SCRIPT ERROR: Parse Error: Identifier "GameTypes" not declared in the current scope.
   at: GDScript::reload (res://data/catalog/content_db.gd:857)
SCRIPT ERROR: Parse Error: Could not find type "StoryStageDefinition" in the current scope.
   at: GDScript::reload (res://data/catalog/content_db.gd:863)
SCRIPT ERROR: Parse Error: Could not find type "StoryStageDefinition" in the current scope.
   at: GDScript::reload (res://data/catalog/content_db.gd:863)
SCRIPT ERROR: Parse Error: Identifier "DiscoveryApproachDefinition" not declared in the current scope.
   at: GDScript::reload (res://data/catalog/content_db.gd:1149)
SCRIPT ERROR: Parse Error: Identifier "DiscoveryApproachDefinition" not declared in the current scope.
   at: GDScript::reload (res://data/catalog/content_db.gd:1150)
ERROR: Failed to load script "res://data/catalog/content_db.gd" with error "Parse error".
   at: load (modules/gdscript/gdscript_resource_format.cpp:46)
ERROR: Failed to instantiate an autoload, script 'res://data/catalog/content_db.gd' does not inherit from 'Node'.
   at: start (main/main.cpp:4535)
SCRIPT ERROR: Parse Error: Could not find type "GameTypes" in the current scope.
   at: GDScript::reload (res://game/progression/progression.gd:26)
SCRIPT ERROR: Parse Error: Could not find type "GameTypes" in the current scope.
   at: GDScript::reload (res://game/progression/progression.gd:82)
SCRIPT ERROR: Parse Error: Could not find type "PerkDefinition" in the current scope.
   at: GDScript::reload (res://game/progression/progression.gd:82)
SCRIPT ERROR: Parse Error: Could not find type "PerkDefinition" in the current scope.
   at: GDScript::reload (res://game/progression/progression.gd:123)
SCRIPT ERROR: Parse Error: Could not find type "PerkDefinition" in the current scope.
   at: GDScript::reload (res://game/progression/progression.gd:132)
SCRIPT ERROR: Parse Error: Could not find type "GameTypes" in the current scope.
   at: GDScript::reload (res://game/progression/progression.gd:166)
SCRIPT ERROR: Parse Error: Could not find type "GameTypes" in the current scope.
   at: GDScript::reload (res://game/progression/progression.gd:167)
SCRIPT ERROR: Parse Error: Could not find type "PerkDefinition" in the current scope.
   at: GDScript::reload (res://game/progression/progression.gd:184)
SCRIPT ERROR: Parse Error: Could not find type "PerkDefinition" in the current scope.
   at: GDScript::reload (res://game/progression/progression.gd:184)
SCRIPT ERROR: Parse Error: Identifier "DfLog" not declared in the current scope.
   at: GDScript::reload (res://game/progression/progression.gd:30)
SCRIPT ERROR: Parse Error: Could not find type "PerkDefinition" in the current scope.
   at: GDScript::reload (res://game/progression/progression.gd:46)
SCRIPT ERROR: Parse Error: Could not resolve external class member "get_perk".
   at: GDScript::reload (res://game/progression/progression.gd:46)
SCRIPT ERROR: Parse Error: Could not find type "PerkDefinition" in the current scope.
   at: GDScript::reload (res://game/progression/progression.gd:60)
SCRIPT ERROR: Parse Error: Could not resolve external class member "_commit_perk_purchase".
   at: GDScript::reload (res://game/progression/progression.gd:74)
SCRIPT ERROR: Parse Error: Could not find type "PerkDefinition" in the current scope.
   at: GDScript::reload (res://game/progression/progression.gd:83)
SCRIPT ERROR: Parse Error: Could not find type "PerkDefinition" in the current scope.
   at: GDScript::reload (res://game/progression/progression.gd:84)
SCRIPT ERROR: Parse Error: Could not resolve external class member "list_perks".
   at: GDScript::reload (res://game/progression/progression.gd:84)
SCRIPT ERROR: Parse Error: Identifier "GameTypes" not declared in the current scope.
   at: GDScript::reload (res://game/progression/progression.gd:96)
SCRIPT ERROR: Parse Error: Identifier "GameTypes" not declared in the current scope.
   at: GDScript::reload (res://game/progression/progression.gd:97)
SCRIPT ERROR: Parse Error: Identifier "GameTypes" not declared in the current scope.
   at: GDScript::reload (res://game/progression/progression.gd:98)
SCRIPT ERROR: Parse Error: Identifier "GameTypes" not declared in the current scope.
   at: GDScript::reload (res://game/progression/progression.gd:99)
SCRIPT ERROR: Parse Error: Could not find type "PerkDefinition" in the current scope.
   at: GDScript::reload (res://game/progression/progression.gd:103)
SCRIPT ERROR: Parse Error: Could not resolve external class member "get_characteristic".
   at: GDScript::reload (res://game/progression/progression.gd:108)
SCRIPT ERROR: Parse Error: Identifier "GameTypes" not declared in the current scope.
   at: GDScript::reload (res://game/progression/progression.gd:127)
SCRIPT ERROR: Parse Error: Identifier "GameTypes" not declared in the current scope.
   at: GDScript::reload (res://game/progression/progression.gd:127)
SCRIPT ERROR: Parse Error: Identifier "GameTypes" not declared in the current scope.
   at: GDScript::reload (res://game/progression/progression.gd:127)
SCRIPT ERROR: Parse Error: Identifier "GameTypes" not declared in the current scope.
   at: GDScript::reload (res://game/progression/progression.gd:127)
SCRIPT ERROR: Parse Error: Could not find type "GameTypes" in the current scope.
   at: GDScript::reload (res://game/progression/progression.gd:133)
SCRIPT ERROR: Parse Error: Identifier "GameTypes" not declared in the current scope.
   at: GDScript::reload (res://game/progression/progression.gd:135)
SCRIPT ERROR: Parse Error: Identifier "GameTypes" not declared in the current scope.
   at: GDScript::reload (res://game/progression/progression.gd:139)
SCRIPT ERROR: Parse Error: Identifier "GameTypes" not declared in the current scope.
   at: GDScript::reload (res://game/progression/progression.gd:141)
SCRIPT ERROR: Parse Error: Identifier "GameTypes" not declared in the current scope.
   at: GDScript::reload (res://game/progression/progression.gd:143)
SCRIPT ERROR: Parse Error: Identifier "GameTypes" not declared in the current scope.
   at: GDScript::reload (res://game/progression/progression.gd:145)
SCRIPT ERROR: Parse Error: Identifier "GameTypes" not declared in the current scope.
   at: GDScript::reload (res://game/progression/progression.gd:147)
SCRIPT ERROR: Parse Error: Identifier "GameTypes" not declared in the current scope.
   at: GDScript::reload (res://game/progression/progression.gd:149)
SCRIPT ERROR: Parse Error: Identifier "GameTypes" not declared in the current scope.
   at: GDScript::reload (res://game/progression/progression.gd:151)
SCRIPT ERROR: Parse Error: Identifier "GameTypes" not declared in the current scope.
   at: GDScript::reload (res://game/progression/progression.gd:153)
SCRIPT ERROR: Parse Error: Identifier "GameTypes" not declared in the current scope.
   at: GDScript::reload (res://game/progression/progression.gd:156)
SCRIPT ERROR: Parse Error: Identifier "GameTypes" not declared in the current scope.
   at: GDScript::reload (res://game/progression/progression.gd:157)
SCRIPT ERROR: Parse Error: Identifier "GameTypes" not declared in the current scope.
   at: GDScript::reload (res://game/progression/progression.gd:160)
SCRIPT ERROR: Parse Error: Could not find type "PerkDefinition" in the current scope.
   at: GDScript::reload (res://game/progression/progression.gd:170)
ERROR: Failed to load script "res://game/progression/progression.gd" with error "Parse error".
   at: load (modules/gdscript/gdscript_resource_format.cpp:46)
ERROR: Failed to instantiate an autoload, script 'res://game/progression/progression.gd' does not inherit from 'Node'.
   at: start (main/main.cpp:4535)
SCRIPT ERROR: Parse Error: Identifier "DfLog" not declared in the current scope.
   at: GDScript::reload (res://game/day/game_day.gd:15)
ERROR: Failed to load script "res://game/day/game_day.gd" with error "Parse error".
   at: load (modules/gdscript/gdscript_resource_format.cpp:46)
ERROR: Failed to instantiate an autoload, script 'res://game/day/game_day.gd' does not inherit from 'Node'.
   at: start (main/main.cpp:4535)
SCRIPT ERROR: Parse Error: Could not find type "RivalEncounterSession" in the current scope.
   at: GDScript::reload (res://game/rivals/rival_encounters.gd:5)
SCRIPT ERROR: Parse Error: Could not find type "GameTypes" in the current scope.
   at: GDScript::reload (res://game/rivals/rival_encounters.gd:7)
SCRIPT ERROR: Parse Error: Could not find type "RivalCompetitionRequest" in the current scope.
   at: GDScript::reload (res://game/rivals/rival_encounters.gd:8)
SCRIPT ERROR: Parse Error: Could not find type "RivalEncounterResult" in the current scope.
   at: GDScript::reload (res://game/rivals/rival_encounters.gd:9)
SCRIPT ERROR: Parse Error: Could not find type "RivalEncounterResult" in the current scope.
   at: GDScript::reload (res://game/rivals/rival_encounters.gd:10)
SCRIPT ERROR: Parse Error: Could not find type "RivalEncounterResult" in the current scope.
   at: GDScript::reload (res://game/rivals/rival_encounters.gd:11)
SCRIPT ERROR: Parse Error: Could not find type "RivalEncounterSession" in the current scope.
   at: GDScript::reload (res://game/rivals/rival_encounters.gd:28)
SCRIPT ERROR: Parse Error: Could not find type "RivalEncounterResult" in the current scope.
   at: GDScript::reload (res://game/rivals/rival_encounters.gd:31)
SCRIPT ERROR: Parse Error: Could not find type "RivalDefinition" in the current scope.
   at: GDScript::reload (res://game/rivals/rival_encounters.gd:39)
SCRIPT ERROR: Parse Error: Could not find type "RivalDefinition" in the current scope.
   at: GDScript::reload (res://game/rivals/rival_encounters.gd:50)
SCRIPT ERROR: Parse Error: Could not find type "RivalEncounterSession" in the current scope.
   at: GDScript::reload (res://game/rivals/rival_encounters.gd:71)
SCRIPT ERROR: Parse Error: Could not find type "RivalEncounterResult" in the current scope.
   at: GDScript::reload (res://game/rivals/rival_encounters.gd:75)
SCRIPT ERROR: Parse Error: Could not find type "GameTypes" in the current scope.
   at: GDScript::reload (res://game/rivals/rival_encounters.gd:92)
SCRIPT ERROR: Parse Error: Could not find type "GameTypes" in the current scope.
   at: GDScript::reload (res://game/rivals/rival_encounters.gd:105)
SCRIPT ERROR: Parse Error: Could not find type "GameTypes" in the current scope.
   at: GDScript::reload (res://game/rivals/rival_encounters.gd:135)
SCRIPT ERROR: Parse Error: Could not find type "GameTypes" in the current scope.
   at: GDScript::reload (res://game/rivals/rival_encounters.gd:136)
SCRIPT ERROR: Parse Error: Identifier "GameTypes" not declared in the current scope.
   at: GDScript::reload (res://game/rivals/rival_encounters.gd:136)
SCRIPT ERROR: Parse Error: Could not find type "GameTypes" in the current scope.
   at: GDScript::reload (res://game/rivals/rival_encounters.gd:184)
SCRIPT ERROR: Parse Error: Could not find type "GameTypes" in the current scope.
   at: GDScript::reload (res://game/rivals/rival_encounters.gd:217)
SCRIPT ERROR: Parse Error: Could not find type "RivalCompetitionResult" in the current scope.
   at: GDScript::reload (res://game/rivals/rival_encounters.gd:292)
SCRIPT ERROR: Parse Error: Could not find type "RivalCompetitionResult" in the current scope.
   at: GDScript::reload (res://game/rivals/rival_encounters.gd:310)
SCRIPT ERROR: Parse Error: Could not find type "GameTypes" in the current scope.
   at: GDScript::reload (res://game/rivals/rival_encounters.gd:391)
SCRIPT ERROR: Parse Error: Could not find type "GameTypes" in the current scope.
   at: GDScript::reload (res://game/rivals/rival_encounters.gd:391)
SCRIPT ERROR: Parse Error: Could not find type "RivalDefinition" in the current scope.
   at: GDScript::reload (res://game/rivals/rival_encounters.gd:409)
SCRIPT ERROR: Parse Error: Could not find type "GameTypes" in the current scope.
   at: GDScript::reload (res://game/rivals/rival_encounters.gd:409)
SCRIPT ERROR: Parse Error: Identifier "DfLog" not declared in the current scope.
   at: GDScript::reload (res://game/rivals/rival_encounters.gd:36)
SCRIPT ERROR: Parse Error: Could not find type "RivalDefinition" in the current scope.
   at: GDScript::reload (res://game/rivals/rival_encounters.gd:54)
SCRIPT ERROR: Parse Error: Could not find type "RivalDefinition" in the current scope.
   at: GDScript::reload (res://game/rivals/rival_encounters.gd:59)
SCRIPT ERROR: Parse Error: Identifier "GameTypes" not declared in the current scope.
   at: GDScript::reload (res://game/rivals/rival_encounters.gd:80)
SCRIPT ERROR: Parse Error: Could not find type "GameTypes" in the current scope.
   at: GDScript::reload (res://game/rivals/rival_encounters.gd:93)
SCRIPT ERROR: Parse Error: Identifier "GameTypes" not declared in the current scope.
   at: GDScript::reload (res://game/rivals/rival_encounters.gd:94)
SCRIPT ERROR: Parse Error: Identifier "GameTypes" not declared in the current scope.
   at: GDScript::reload (res://game/rivals/rival_encounters.gd:95)
SCRIPT ERROR: Parse Error: Identifier "PerkIds" not declared in the current scope.
   at: GDScript::reload (res://game/rivals/rival_encounters.gd:98)
SCRIPT ERROR: Parse Error: Identifier "GameTypes" not declared in the current scope.
   at: GDScript::reload (res://game/rivals/rival_encounters.gd:99)
SCRIPT ERROR: Parse Error: Identifier "PerkIds" not declared in the current scope.
   at: GDScript::reload (res://game/rivals/rival_encounters.gd:100)
SCRIPT ERROR: Parse Error: Identifier "GameTypes" not declared in the current scope.
   at: GDScript::reload (res://game/rivals/rival_encounters.gd:101)
SCRIPT ERROR: Parse Error: Could not find type "RivalDefinition" in the current scope.
   at: GDScript::reload (res://game/rivals/rival_encounters.gd:106)
SCRIPT ERROR: Parse Error: Could not find type "GameTypes" in the current scope.
   at: GDScript::reload (res://game/rivals/rival_encounters.gd:107)
SCRIPT ERROR: Parse Error: Could not find type "GameTypes" in the current scope.
   at: GDScript::reload (res://game/rivals/rival_encounters.gd:110)
SCRIPT ERROR: Parse Error: Could not find type "RivalDefinition" in the current scope.
   at: GDScript::reload (res://game/rivals/rival_encounters.gd:118)
SCRIPT ERROR: Parse Error: Could not find type "RivalDefinition" in the current scope.
   at: GDScript::reload (res://game/rivals/rival_encounters.gd:141)
SCRIPT ERROR: Parse Error: Could not find type "GameTypes" in the current scope.
   at: GDScript::reload (res://game/rivals/rival_encounters.gd:152)
SCRIPT ERROR: Parse Error: Identifier "GameTypes" not declared in the current scope.
   at: GDScript::reload (res://game/rivals/rival_encounters.gd:153)
SCRIPT ERROR: Parse Error: Could not find type "RivalEncounterSession" in the current scope.
   at: GDScript::reload (res://game/rivals/rival_encounters.gd:166)
SCRIPT ERROR: Parse Error: Identifier "RivalEncounterSession" not declared in the current scope.
   at: GDScript::reload (res://game/rivals/rival_encounters.gd:166)
SCRIPT ERROR: Parse Error: Identifier "GameTypes" not declared in the current scope.
   at: GDScript::reload (res://game/rivals/rival_encounters.gd:172)
SCRIPT ERROR: Parse Error: Identifier "GameTypes" not declared in the current scope.
   at: GDScript::reload (res://game/rivals/rival_encounters.gd:173)
SCRIPT ERROR: Parse Error: Identifier "GameTypes" not declared in the current scope.
   at: GDScript::reload (res://game/rivals/rival_encounters.gd:187)
SCRIPT ERROR: Parse Error: Identifier "GameTypes" not declared in the current scope.
   at: GDScript::reload (res://game/rivals/rival_encounters.gd:189)
SCRIPT ERROR: Parse Error: Could not find type "GameTypes" in the current scope.
   at: GDScript::reload (res://game/rivals/rival_encounters.gd:191)
SCRIPT ERROR: Parse Error: Identifier "GameTypes" not declared in the current scope.
   at: GDScript::reload (res://game/rivals/rival_encounters.gd:203)
SCRIPT ERROR: Parse Error: Identifier "GameTypes" not declared in the current scope.
   at: GDScript::reload (res://game/rivals/rival_encounters.gd:205)
SCRIPT ERROR: Parse Error: Identifier "PerkIds" not declared in the current scope.
   at: GDScript::reload (res://game/rivals/rival_encounters.gd:214)
SCRIPT ERROR: Parse Error: Could not find type "GameTypes" in the current scope.
   at: GDScript::reload (res://game/rivals/rival_encounters.gd:220)
SCRIPT ERROR: Parse Error: Identifier "GameTypes" not declared in the current scope.
   at: GDScript::reload (res://game/rivals/rival_encounters.gd:237)
SCRIPT ERROR: Parse Error: Could not find type "RivalDefinition" in the current scope.
   at: GDScript::reload (res://game/rivals/rival_encounters.gd:239)
SCRIPT ERROR: Parse Error: Identifier "PerkIds" not declared in the current scope.
   at: GDScript::reload (res://game/rivals/rival_encounters.gd:245)
SCRIPT ERROR: Parse Error: Could not find type "GameTypes" in the current scope.
   at: GDScript::reload (res://game/rivals/rival_encounters.gd:254)
SCRIPT ERROR: Parse Error: Identifier "GameTypes" not declared in the current scope.
   at: GDScript::reload (res://game/rivals/rival_encounters.gd:261)
SCRIPT ERROR: Parse Error: Could not find type "RivalCompetitionResult" in the current scope.
   at: GDScript::reload (res://game/rivals/rival_encounters.gd:262)
SCRIPT ERROR: Parse Error: Identifier "RivalCompetitionResult" not declared in the current scope.
   at: GDScript::reload (res://game/rivals/rival_encounters.gd:262)
SCRIPT ERROR: Parse Error: Identifier "GameTypes" not declared in the current scope.
   at: GDScript::reload (res://game/rivals/rival_encounters.gd:263)
SCRIPT ERROR: Parse Error: Identifier "GameTypes" not declared in the current scope.
   at: GDScript::reload (res://game/rivals/rival_encounters.gd:264)
SCRIPT ERROR: Parse Error: Identifier "GameTypes" not declared in the current scope.
   at: GDScript::reload (res://game/rivals/rival_encounters.gd:271)
SCRIPT ERROR: Parse Error: Identifier "GameTypes" not declared in the current scope.
   at: GDScript::reload (res://game/rivals/rival_encounters.gd:271)
SCRIPT ERROR: Parse Error: Identifier "GameTypes" not declared in the current scope.
   at: GDScript::reload (res://game/rivals/rival_encounters.gd:276)
SCRIPT ERROR: Parse Error: Could not find type "RivalCompetitionRequest" in the current scope.
   at: GDScript::reload (res://game/rivals/rival_encounters.gd:277)
SCRIPT ERROR: Parse Error: Identifier "RivalCompetitionRequest" not declared in the current scope.
   at: GDScript::reload (res://game/rivals/rival_encounters.gd:277)
SCRIPT ERROR: Parse Error: Identifier "GameTypes" not declared in the current scope.
   at: GDScript::reload (res://game/rivals/rival_encounters.gd:295)
SCRIPT ERROR: Parse Error: Identifier "GameTypes" not declared in the current scope.
   at: GDScript::reload (res://game/rivals/rival_encounters.gd:297)
SCRIPT ERROR: Parse Error: Identifier "GameTypes" not declared in the current scope.
   at: GDScript::reload (res://game/rivals/rival_encounters.gd:303)
SCRIPT ERROR: Parse Error: Identifier "GameTypes" not declared in the current scope.
   at: GDScript::reload (res://game/rivals/rival_encounters.gd:303)
SCRIPT ERROR: Parse Error: Identifier "GameTypes" not declared in the current scope.
   at: GDScript::reload (res://game/rivals/rival_encounters.gd:306)
SCRIPT ERROR: Parse Error: Identifier "GameTypes" not declared in the current scope.
   at: GDScript::reload (res://game/rivals/rival_encounters.gd:313)
SCRIPT ERROR: Parse Error: Could not find type "RivalDefinition" in the current scope.
   at: GDScript::reload (res://game/rivals/rival_encounters.gd:316)
SCRIPT ERROR: Parse Error: Identifier "GameTypes" not declared in the current scope.
   at: GDScript::reload (res://game/rivals/rival_encounters.gd:321)
SCRIPT ERROR: Parse Error: Identifier "GameTypes" not declared in the current scope.
   at: GDScript::reload (res://game/rivals/rival_encounters.gd:349)
SCRIPT ERROR: Parse Error: Could not find type "RivalEncounterResult" in the current scope.
   at: GDScript::reload (res://game/rivals/rival_encounters.gd:351)
SCRIPT ERROR: Parse Error: Identifier "RivalEncounterResult" not declared in the current scope.
   at: GDScript::reload (res://game/rivals/rival_encounters.gd:351)
SCRIPT ERROR: Parse Error: Identifier "GameTypes" not declared in the current scope.
   at: GDScript::reload (res://game/rivals/rival_encounters.gd:362)
SCRIPT ERROR: Parse Error: Identifier "PerkIds" not declared in the current scope.
   at: GDScript::reload (res://game/rivals/rival_encounters.gd:377)
SCRIPT ERROR: Parse Error: Could not find type "GameTypes" in the current scope.
   at: GDScript::reload (res://game/rivals/rival_encounters.gd:385)
SCRIPT ERROR: Parse Error: Could not find type "CompetitionDefinition" in the current scope.
   at: GDScript::reload (res://game/rivals/rival_encounters.gd:394)
SCRIPT ERROR: Parse Error: Could not find type "CompetitionDefinition" in the current scope.
   at: GDScript::reload (res://game/rivals/rival_encounters.gd:394)
SCRIPT ERROR: Parse Error: Identifier "GameTypes" not declared in the current scope.
   at: GDScript::reload (res://game/rivals/rival_encounters.gd:398)
SCRIPT ERROR: Parse Error: Identifier "GameTypes" not declared in the current scope.
   at: GDScript::reload (res://game/rivals/rival_encounters.gd:399)
SCRIPT ERROR: Parse Error: Identifier "GameTypes" not declared in the current scope.
   at: GDScript::reload (res://game/rivals/rival_encounters.gd:400)
SCRIPT ERROR: Parse Error: Identifier "GameTypes" not declared in the current scope.
   at: GDScript::reload (res://game/rivals/rival_encounters.gd:401)
SCRIPT ERROR: Parse Error: Identifier "GameTypes" not declared in the current scope.
   at: GDScript::reload (res://game/rivals/rival_encounters.gd:402)
SCRIPT ERROR: Parse Error: Identifier "GameTypes" not declared in the current scope.
   at: GDScript::reload (res://game/rivals/rival_encounters.gd:403)
SCRIPT ERROR: Parse Error: Identifier "GameTypes" not declared in the current scope.
   at: GDScript::reload (res://game/rivals/rival_encounters.gd:404)
SCRIPT ERROR: Parse Error: Identifier "GameTypes" not declared in the current scope.
   at: GDScript::reload (res://game/rivals/rival_encounters.gd:405)
SCRIPT ERROR: Parse Error: Identifier "GameTypes" not declared in the current scope.
   at: GDScript::reload (res://game/rivals/rival_encounters.gd:406)
SCRIPT ERROR: Parse Error: Identifier "GameTypes" not declared in the current scope.
   at: GDScript::reload (res://game/rivals/rival_encounters.gd:411)
SCRIPT ERROR: Parse Error: Identifier "GameTypes" not declared in the current scope.
   at: GDScript::reload (res://game/rivals/rival_encounters.gd:413)
SCRIPT ERROR: Parse Error: Identifier "GameTypes" not declared in the current scope.
   at: GDScript::reload (res://game/rivals/rival_encounters.gd:415)
SCRIPT ERROR: Parse Error: Identifier "GameTypes" not declared in the current scope.
   at: GDScript::reload (res://game/rivals/rival_encounters.gd:417)
ERROR: Failed to load script "res://game/rivals/rival_encounters.gd" with error "Parse error".
   at: load (modules/gdscript/gdscript_resource_format.cpp:46)
ERROR: Failed to instantiate an autoload, script 'res://game/rivals/rival_encounters.gd' does not inherit from 'Node'.
   at: start (main/main.cpp:4535)
SCRIPT ERROR: Parse Error: Could not find type "PlayerController" in the current scope.
   at: GDScript::reload (res://game/rivals/rival_competition_runner.gd:14)
SCRIPT ERROR: Parse Error: Identifier "PlayerController" not declared in the current scope.
   at: GDScript::reload (res://game/rivals/rival_competition_runner.gd:15)
SCRIPT ERROR: Parse Error: Could not find type "RivalCompetitionRequest" in the current scope.
   at: GDScript::reload (res://game/rivals/rival_competition_runner.gd:16)
SCRIPT ERROR: Parse Error: Could not find type "RivalDefinition" in the current scope.
   at: GDScript::reload (res://game/rivals/rival_competition_runner.gd:19)
SCRIPT ERROR: Parse Error: Could not find type "RivalCompetitionRequest" in the current scope.
   at: GDScript::reload (res://game/rivals/rival_competition_runner.gd:42)
SCRIPT ERROR: Parse Error: Could not find type "RivalCompetitionRequest" in the current scope.
   at: GDScript::reload (res://game/rivals/rival_competition_runner.gd:67)
SCRIPT ERROR: Parse Error: Could not find type "RivalDefinition" in the current scope.
   at: GDScript::reload (res://game/rivals/rival_competition_runner.gd:68)
SCRIPT ERROR: Parse Error: Could not find type "RivalCompetitionRequest" in the current scope.
   at: GDScript::reload (res://game/rivals/rival_competition_runner.gd:112)
SCRIPT ERROR: Parse Error: Could not find type "RivalDefinition" in the current scope.
   at: GDScript::reload (res://game/rivals/rival_competition_runner.gd:112)
SCRIPT ERROR: Parse Error: Could not find type "RivalCompetitionRequest" in the current scope.
   at: GDScript::reload (res://game/rivals/rival_competition_runner.gd:121)
SCRIPT ERROR: Parse Error: Could not find type "RivalCompetitionRequest" in the current scope.
   at: GDScript::reload (res://game/rivals/rival_competition_runner.gd:141)
SCRIPT ERROR: Parse Error: Could not find type "RivalCompetitionRequest" in the current scope.
   at: GDScript::reload (res://game/rivals/rival_competition_runner.gd:162)
SCRIPT ERROR: Parse Error: Could not find type "RivalCompetitionRequest" in the current scope.
   at: GDScript::reload (res://game/rivals/rival_competition_runner.gd:183)
SCRIPT ERROR: Parse Error: Could not find type "RivalCompetitionResult" in the current scope.
   at: GDScript::reload (res://game/rivals/rival_competition_runner.gd:271)
SCRIPT ERROR: Parse Error: Could not find type "RivalCompetitionResult" in the current scope.
   at: GDScript::reload (res://game/rivals/rival_competition_runner.gd:288)
SCRIPT ERROR: Parse Error: Could not find type "RivalCompetitionResult" in the current scope.
   at: GDScript::reload (res://game/rivals/rival_competition_runner.gd:299)
SCRIPT ERROR: Parse Error: Identifier "DfLog" not declared in the current scope.
   at: GDScript::reload (res://game/rivals/rival_competition_runner.gd:39)
SCRIPT ERROR: Parse Error: Identifier "GameTypes" not declared in the current scope.
   at: GDScript::reload (res://game/rivals/rival_competition_runner.gd:50)
SCRIPT ERROR: Parse Error: Identifier "GameTypes" not declared in the current scope.
   at: GDScript::reload (res://game/rivals/rival_competition_runner.gd:52)
SCRIPT ERROR: Parse Error: Identifier "GameTypes" not declared in the current scope.
   at: GDScript::reload (res://game/rivals/rival_competition_runner.gd:54)
SCRIPT ERROR: Parse Error: Identifier "GameTypes" not declared in the current scope.
   at: GDScript::reload (res://game/rivals/rival_competition_runner.gd:56)
SCRIPT ERROR: Parse Error: Identifier "GameTypes" not declared in the current scope.
   at: GDScript::reload (res://game/rivals/rival_competition_runner.gd:84)
SCRIPT ERROR: Parse Error: Identifier "GameTypes" not declared in the current scope.
   at: GDScript::reload (res://game/rivals/rival_competition_runner.gd:84)
SCRIPT ERROR: Parse Error: Identifier "GameTypes" not declared in the current scope.
   at: GDScript::reload (res://game/rivals/rival_competition_runner.gd:96)
SCRIPT ERROR: Parse Error: Identifier "GameTypes" not declared in the current scope.
   at: GDScript::reload (res://game/rivals/rival_competition_runner.gd:98)
SCRIPT ERROR: Parse Error: Could not find type "RivalDefinition" in the current scope.
   at: GDScript::reload (res://game/rivals/rival_competition_runner.gd:118)
SCRIPT ERROR: Parse Error: Could not find type "RivalDefinition" in the current scope.
   at: GDScript::reload (res://game/rivals/rival_competition_runner.gd:128)
SCRIPT ERROR: Parse Error: Identifier "SlapMinigame" not declared in the current scope.
   at: GDScript::reload (res://game/rivals/rival_competition_runner.gd:133)
SCRIPT ERROR: Parse Error: Could not find type "SlapMinigame" in the current scope.
   at: GDScript::reload (res://game/rivals/rival_competition_runner.gd:135)
SCRIPT ERROR: Parse Error: Could not find type "RivalDefinition" in the current scope.
   at: GDScript::reload (res://game/rivals/rival_competition_runner.gd:148)
SCRIPT ERROR: Parse Error: Could not find type "DanceMinigame" in the current scope.
   at: GDScript::reload (res://game/rivals/rival_competition_runner.gd:153)
SCRIPT ERROR: Parse Error: Identifier "DanceMinigame" not declared in the current scope.
   at: GDScript::reload (res://game/rivals/rival_competition_runner.gd:153)
SCRIPT ERROR: Parse Error: Could not find type "RivalDefinition" in the current scope.
   at: GDScript::reload (res://game/rivals/rival_competition_runner.gd:169)
SCRIPT ERROR: Parse Error: Could not find type "SigmaMinigame" in the current scope.
   at: GDScript::reload (res://game/rivals/rival_competition_runner.gd:174)
SCRIPT ERROR: Parse Error: Identifier "SigmaMinigame" not declared in the current scope.
   at: GDScript::reload (res://game/rivals/rival_competition_runner.gd:174)
SCRIPT ERROR: Parse Error: Could not find type "RivalDefinition" in the current scope.
   at: GDScript::reload (res://game/rivals/rival_competition_runner.gd:190)
SCRIPT ERROR: Parse Error: Could not find type "MoneyMinigame" in the current scope.
   at: GDScript::reload (res://game/rivals/rival_competition_runner.gd:194)
SCRIPT ERROR: Parse Error: Identifier "MoneyMinigame" not declared in the current scope.
   at: GDScript::reload (res://game/rivals/rival_competition_runner.gd:194)
SCRIPT ERROR: Parse Error: Identifier "PlayerController" not declared in the current scope.
   at: GDScript::reload (res://game/rivals/rival_competition_runner.gd:207)
SCRIPT ERROR: Parse Error: Could not find type "RivalEncounterSession" in the current scope.
   at: GDScript::reload (res://game/rivals/rival_competition_runner.gd:208)
SCRIPT ERROR: Parse Error: Could not find type "RivalEncounterSession" in the current scope.
   at: GDScript::reload (res://game/rivals/rival_competition_runner.gd:208)
SCRIPT ERROR: Parse Error: Could not find type "PlayerController" in the current scope.
   at: GDScript::reload (res://game/rivals/rival_competition_runner.gd:211)
SCRIPT ERROR: Parse Error: Identifier "PerkIds" not declared in the current scope.
   at: GDScript::reload (res://game/rivals/rival_competition_runner.gd:228)
SCRIPT ERROR: Parse Error: Identifier "PerkIds" not declared in the current scope.
   at: GDScript::reload (res://game/rivals/rival_competition_runner.gd:229)
SCRIPT ERROR: Parse Error: Identifier "PerkIds" not declared in the current scope.
   at: GDScript::reload (res://game/rivals/rival_competition_runner.gd:230)
SCRIPT ERROR: Parse Error: Identifier "PerkIds" not declared in the current scope.
   at: GDScript::reload (res://game/rivals/rival_competition_runner.gd:231)
SCRIPT ERROR: Parse Error: Identifier "PerkIds" not declared in the current scope.
   at: GDScript::reload (res://game/rivals/rival_competition_runner.gd:232)
SCRIPT ERROR: Parse Error: Identifier "PerkIds" not declared in the current scope.
   at: GDScript::reload (res://game/rivals/rival_competition_runner.gd:233)
SCRIPT ERROR: Parse Error: Identifier "PerkIds" not declared in the current scope.
   at: GDScript::reload (res://game/rivals/rival_competition_runner.gd:245)
SCRIPT ERROR: Parse Error: Identifier "PerkIds" not declared in the current scope.
   at: GDScript::reload (res://game/rivals/rival_competition_runner.gd:246)
SCRIPT ERROR: Parse Error: Identifier "PerkIds" not declared in the current scope.
   at: GDScript::reload (res://game/rivals/rival_competition_runner.gd:262)
SCRIPT ERROR: Parse Error: Identifier "PerkIds" not declared in the current scope.
   at: GDScript::reload (res://game/rivals/rival_competition_runner.gd:263)
SCRIPT ERROR: Parse Error: Identifier "PerkIds" not declared in the current scope.
   at: GDScript::reload (res://game/rivals/rival_competition_runner.gd:264)
SCRIPT ERROR: Parse Error: Identifier "PerkIds" not declared in the current scope.
   at: GDScript::reload (res://game/rivals/rival_competition_runner.gd:265)
SCRIPT ERROR: Parse Error: Identifier "PerkIds" not declared in the current scope.
   at: GDScript::reload (res://game/rivals/rival_competition_runner.gd:266)
SCRIPT ERROR: Parse Error: Identifier "PerkIds" not declared in the current scope.
   at: GDScript::reload (res://game/rivals/rival_competition_runner.gd:267)
SCRIPT ERROR: Parse Error: Identifier "GameTypes" not declared in the current scope.
   at: GDScript::reload (res://game/rivals/rival_competition_runner.gd:304)
SCRIPT ERROR: Parse Error: Identifier "GameTypes" not declared in the current scope.
   at: GDScript::reload (res://game/rivals/rival_competition_runner.gd:306)
SCRIPT ERROR: Parse Error: Identifier "PerkIds" not declared in the current scope.
   at: GDScript::reload (res://game/rivals/rival_competition_runner.gd:309)
SCRIPT ERROR: Parse Error: Could not find type "RivalDefinition" in the current scope.
   at: GDScript::reload (res://game/rivals/rival_competition_runner.gd:314)
SCRIPT ERROR: Parse Error: Could not find type "RivalDefinition" in the current scope.
   at: GDScript::reload (res://game/rivals/rival_competition_runner.gd:317)
SCRIPT ERROR: Parse Error: Could not find type "PlayerController" in the current scope.
   at: GDScript::reload (res://game/rivals/rival_competition_runner.gd:328)
SCRIPT ERROR: Parse Error: Identifier "PlayerController" not declared in the current scope.
   at: GDScript::reload (res://game/rivals/rival_competition_runner.gd:332)
SCRIPT ERROR: Parse Error: Expression in match pattern must be a constant expression, an identifier, or an attribute access ("A.B").
   at: GDScript::reload (res://game/rivals/rival_competition_runner.gd:332)
SCRIPT ERROR: Parse Error: Identifier "PlayerController" not declared in the current scope.
   at: GDScript::reload (res://game/rivals/rival_competition_runner.gd:334)
SCRIPT ERROR: Parse Error: Expression in match pattern must be a constant expression, an identifier, or an attribute access ("A.B").
   at: GDScript::reload (res://game/rivals/rival_competition_runner.gd:334)
SCRIPT ERROR: Parse Error: Identifier "PlayerController" not declared in the current scope.
   at: GDScript::reload (res://game/rivals/rival_competition_runner.gd:336)
SCRIPT ERROR: Parse Error: Expression in match pattern must be a constant expression, an identifier, or an attribute access ("A.B").
   at: GDScript::reload (res://game/rivals/rival_competition_runner.gd:336)
ERROR: Failed to load script "res://game/rivals/rival_competition_runner.gd" with error "Parse error".
   at: load (modules/gdscript/gdscript_resource_format.cpp:46)
ERROR: Failed to instantiate an autoload, script 'res://game/rivals/rival_competition_runner.gd' does not inherit from 'Node'.
   at: start (main/main.cpp:4535)
SCRIPT ERROR: Parse Error: Could not find type "GirlDiscoveryAttempt" in the current scope.
   at: GDScript::reload (res://game/girls/girl_discovery.gd:31)
SCRIPT ERROR: Parse Error: Could not find type "GirlDefinition" in the current scope.
   at: GDScript::reload (res://game/girls/girl_discovery.gd:54)
SCRIPT ERROR: Parse Error: Could not find type "DiscoverySituationDefinition" in the current scope.
   at: GDScript::reload (res://game/girls/girl_discovery.gd:61)
SCRIPT ERROR: Parse Error: Could not find type "GirlDefinition" in the current scope.
   at: GDScript::reload (res://game/girls/girl_discovery.gd:73)
SCRIPT ERROR: Parse Error: Could not find type "DiscoverySituationDefinition" in the current scope.
   at: GDScript::reload (res://game/girls/girl_discovery.gd:86)
SCRIPT ERROR: Parse Error: Could not find type "DiscoveryApproachDefinition" in the current scope.
   at: GDScript::reload (res://game/girls/girl_discovery.gd:99)
SCRIPT ERROR: Parse Error: Could not find type "GirlDiscoveryAttempt" in the current scope.
   at: GDScript::reload (res://game/girls/girl_discovery.gd:119)
SCRIPT ERROR: Parse Error: Could not find type "DiscoveryApproachDefinition" in the current scope.
   at: GDScript::reload (res://game/girls/girl_discovery.gd:220)
SCRIPT ERROR: Parse Error: Could not find type "DiscoverySituationDefinition" in the current scope.
   at: GDScript::reload (res://game/girls/girl_discovery.gd:321)
SCRIPT ERROR: Parse Error: Identifier "DfLog" not declared in the current scope.
   at: GDScript::reload (res://game/girls/girl_discovery.gd:40)
SCRIPT ERROR: Parse Error: Could not find type "GirlDefinition" in the current scope.
   at: GDScript::reload (res://game/girls/girl_discovery.gd:77)
SCRIPT ERROR: Parse Error: Could not find type "GirlDefinition" in the current scope.
   at: GDScript::reload (res://game/girls/girl_discovery.gd:82)
SCRIPT ERROR: Parse Error: Could not find type "DiscoverySituationDefinition" in the current scope.
   at: GDScript::reload (res://game/girls/girl_discovery.gd:90)
SCRIPT ERROR: Parse Error: Could not find type "DiscoverySituationDefinition" in the current scope.
   at: GDScript::reload (res://game/girls/girl_discovery.gd:95)
SCRIPT ERROR: Parse Error: Could not find type "DiscoverySituationDefinition" in the current scope.
   at: GDScript::reload (res://game/girls/girl_discovery.gd:103)
SCRIPT ERROR: Parse Error: Could not find type "DiscoverySituationDefinition" in the current scope.
   at: GDScript::reload (res://game/girls/girl_discovery.gd:103)
SCRIPT ERROR: Parse Error: Could not find type "DiscoveryApproachDefinition" in the current scope.
   at: GDScript::reload (res://game/girls/girl_discovery.gd:111)
SCRIPT ERROR: Parse Error: Could not find type "GirlDefinition" in the current scope.
   at: GDScript::reload (res://game/girls/girl_discovery.gd:129)
SCRIPT ERROR: Parse Error: Identifier "PerkIds" not declared in the current scope.
   at: GDScript::reload (res://game/girls/girl_discovery.gd:145)
SCRIPT ERROR: Parse Error: Could not find type "GirlDefinition" in the current scope.
   at: GDScript::reload (res://game/girls/girl_discovery.gd:154)
SCRIPT ERROR: Parse Error: Could not find type "GirlDefinition" in the current scope.
   at: GDScript::reload (res://game/girls/girl_discovery.gd:172)
SCRIPT ERROR: Parse Error: Could not find type "DiscoverySituationDefinition" in the current scope.
   at: GDScript::reload (res://game/girls/girl_discovery.gd:198)
SCRIPT ERROR: Parse Error: Could not find type "GirlDiscoveryAttempt" in the current scope.
   at: GDScript::reload (res://game/girls/girl_discovery.gd:201)
SCRIPT ERROR: Parse Error: Identifier "GirlDiscoveryAttempt" not declared in the current scope.
   at: GDScript::reload (res://game/girls/girl_discovery.gd:201)
SCRIPT ERROR: Parse Error: Could not find type "DiscoverySituationDefinition" in the current scope.
   at: GDScript::reload (res://game/girls/girl_discovery.gd:240)
SCRIPT ERROR: Parse Error: Could not find type "DiscoveryApproachDefinition" in the current scope.
   at: GDScript::reload (res://game/girls/girl_discovery.gd:243)
SCRIPT ERROR: Parse Error: Identifier "DiscoveryApproachDefinition" not declared in the current scope.
   at: GDScript::reload (res://game/girls/girl_discovery.gd:258)
SCRIPT ERROR: Parse Error: Could not find type "GirlDefinition" in the current scope.
   at: GDScript::reload (res://game/girls/girl_discovery.gd:311)
SCRIPT ERROR: Parse Error: Identifier "StoryTypes" not declared in the current scope.
   at: GDScript::reload (res://game/girls/girl_discovery.gd:384)
SCRIPT ERROR: Parse Error: Identifier "StoryTypes" not declared in the current scope.
   at: GDScript::reload (res://game/girls/girl_discovery.gd:386)
SCRIPT ERROR: Parse Error: Identifier "StoryIds" not declared in the current scope.
   at: GDScript::reload (res://game/girls/girl_discovery.gd:395)
SCRIPT ERROR: Parse Error: Identifier "StoryIds" not declared in the current scope.
   at: GDScript::reload (res://game/girls/girl_discovery.gd:397)
SCRIPT ERROR: Parse Error: Identifier "GameTypes" not declared in the current scope.
   at: GDScript::reload (res://game/girls/girl_discovery.gd:406)
SCRIPT ERROR: Parse Error: Identifier "GameTypes" not declared in the current scope.
   at: GDScript::reload (res://game/girls/girl_discovery.gd:420)
ERROR: Failed to load script "res://game/girls/girl_discovery.gd" with error "Parse error".
   at: load (modules/gdscript/gdscript_resource_format.cpp:46)
ERROR: Failed to instantiate an autoload, script 'res://game/girls/girl_discovery.gd' does not inherit from 'Node'.
   at: start (main/main.cpp:4535)
SCRIPT ERROR: Parse Error: Could not find type "DatingActionExecutionRequest" in the current scope.
   at: GDScript::reload (res://game/dating/dating_core.gd:8)
SCRIPT ERROR: Parse Error: Could not find type "DatingTypes" in the current scope.
   at: GDScript::reload (res://game/dating/dating_core.gd:9)
SCRIPT ERROR: Parse Error: Could not find type "DatingResult" in the current scope.
   at: GDScript::reload (res://game/dating/dating_core.gd:10)
SCRIPT ERROR: Parse Error: Could not find type "DatingSession" in the current scope.
   at: GDScript::reload (res://game/dating/dating_core.gd:13)
SCRIPT ERROR: Parse Error: Could not find type "DatingSession" in the current scope.
   at: GDScript::reload (res://game/dating/dating_core.gd:51)
SCRIPT ERROR: Parse Error: Could not find type "DatingStartRequest" in the current scope.
   at: GDScript::reload (res://game/dating/dating_core.gd:60)
SCRIPT ERROR: Parse Error: Could not find type "DatingEventDefinition" in the current scope.
   at: GDScript::reload (res://game/dating/dating_core.gd:252)
SCRIPT ERROR: Parse Error: Could not find type "DatingFarewellDefinition" in the current scope.
   at: GDScript::reload (res://game/dating/dating_core.gd:264)
SCRIPT ERROR: Parse Error: Could not find type "DatingActionDefinition" in the current scope.
   at: GDScript::reload (res://game/dating/dating_core.gd:281)
SCRIPT ERROR: Parse Error: Could not find type "DatingActionDefinition" in the current scope.
   at: GDScript::reload (res://game/dating/dating_core.gd:298)
SCRIPT ERROR: Parse Error: Could not find type "DatingActionExecutionResult" in the current scope.
   at: GDScript::reload (res://game/dating/dating_core.gd:414)
SCRIPT ERROR: Parse Error: Could not find type "DatingActionExecutionResult" in the current scope.
   at: GDScript::reload (res://game/dating/dating_core.gd:426)
SCRIPT ERROR: Parse Error: Could not find type "GameTypes" in the current scope.
   at: GDScript::reload (res://game/dating/dating_core.gd:486)
SCRIPT ERROR: Parse Error: Could not find type "GameTypes" in the current scope.
   at: GDScript::reload (res://game/dating/dating_core.gd:486)
SCRIPT ERROR: Parse Error: Could not find type "DatingActionDefinition" in the current scope.
   at: GDScript::reload (res://game/dating/dating_core.gd:588)
SCRIPT ERROR: Parse Error: Could not find type "DatingActionDefinition" in the current scope.
   at: GDScript::reload (res://game/dating/dating_core.gd:595)
SCRIPT ERROR: Parse Error: Could not find type "DatingTypes" in the current scope.
   at: GDScript::reload (res://game/dating/dating_core.gd:625)
SCRIPT ERROR: Parse Error: Could not find type "GameTypes" in the current scope.
   at: GDScript::reload (res://game/dating/dating_core.gd:657)
SCRIPT ERROR: Parse Error: Identifier "DfLog" not declared in the current scope.
   at: GDScript::reload (res://game/dating/dating_core.gd:27)
SCRIPT ERROR: Parse Error: Identifier "DatingTypes" not declared in the current scope.
   at: GDScript::reload (res://game/dating/dating_core.gd:62)
SCRIPT ERROR: Parse Error: Identifier "DatingTypes" not declared in the current scope.
   at: GDScript::reload (res://game/dating/dating_core.gd:64)
SCRIPT ERROR: Parse Error: Could not find type "GirlDefinition" in the current scope.
   at: GDScript::reload (res://game/dating/dating_core.gd:67)
SCRIPT ERROR: Parse Error: Could not find type "GirlDefinition" in the current scope.
   at: GDScript::reload (res://game/dating/dating_core.gd:67)
SCRIPT ERROR: Parse Error: Identifier "DatingTypes" not declared in the current scope.
   at: GDScript::reload (res://game/dating/dating_core.gd:69)
SCRIPT ERROR: Parse Error: Identifier "DatingTypes" not declared in the current scope.
   at: GDScript::reload (res://game/dating/dating_core.gd:72)
SCRIPT ERROR: Parse Error: Identifier "DatingTypes" not declared in the current scope.
   at: GDScript::reload (res://game/dating/dating_core.gd:74)
SCRIPT ERROR: Parse Error: Could not find type "DatingGreetingDefinition" in the current scope.
   at: GDScript::reload (res://game/dating/dating_core.gd:76)
SCRIPT ERROR: Parse Error: Could not find type "DatingGreetingDefinition" in the current scope.
   at: GDScript::reload (res://game/dating/dating_core.gd:76)
SCRIPT ERROR: Parse Error: Identifier "DatingTypes" not declared in the current scope.
   at: GDScript::reload (res://game/dating/dating_core.gd:78)
SCRIPT ERROR: Parse Error: Could not find type "DatingFarewellDefinition" in the current scope.
   at: GDScript::reload (res://game/dating/dating_core.gd:79)
SCRIPT ERROR: Parse Error: Could not find type "DatingFarewellDefinition" in the current scope.
   at: GDScript::reload (res://game/dating/dating_core.gd:79)
SCRIPT ERROR: Parse Error: Identifier "DatingTypes" not declared in the current scope.
   at: GDScript::reload (res://game/dating/dating_core.gd:81)
SCRIPT ERROR: Parse Error: Identifier "DatingEventPlanner" not declared in the current scope.
   at: GDScript::reload (res://game/dating/dating_core.gd:85)
SCRIPT ERROR: Parse Error: Identifier "DatingTypes" not declared in the current scope.
   at: GDScript::reload (res://game/dating/dating_core.gd:89)
SCRIPT ERROR: Parse Error: Identifier "DatingSession" not declared in the current scope.
   at: GDScript::reload (res://game/dating/dating_core.gd:90)
SCRIPT ERROR: Parse Error: Cannot infer the type of "session" variable because the value doesn't have a set type.
   at: GDScript::reload (res://game/dating/dating_core.gd:90)
SCRIPT ERROR: Parse Error: Identifier "DatingTypes" not declared in the current scope.
   at: GDScript::reload (res://game/dating/dating_core.gd:103)
SCRIPT ERROR: Parse Error: Identifier "DatingTypes" not declared in the current scope.
   at: GDScript::reload (res://game/dating/dating_core.gd:108)
SCRIPT ERROR: Parse Error: Identifier "DatingTypes" not declared in the current scope.
   at: GDScript::reload (res://game/dating/dating_core.gd:113)
SCRIPT ERROR: Parse Error: Identifier "DatingTypes" not declared in the current scope.
   at: GDScript::reload (res://game/dating/dating_core.gd:114)
SCRIPT ERROR: Parse Error: Identifier "DatingTypes" not declared in the current scope.
   at: GDScript::reload (res://game/dating/dating_core.gd:115)
SCRIPT ERROR: Parse Error: Identifier "DatingTypes" not declared in the current scope.
   at: GDScript::reload (res://game/dating/dating_core.gd:116)
SCRIPT ERROR: Parse Error: Identifier "DatingTypes" not declared in the current scope.
   at: GDScript::reload (res://game/dating/dating_core.gd:117)
SCRIPT ERROR: Parse Error: Identifier "DatingTypes" not declared in the current scope.
   at: GDScript::reload (res://game/dating/dating_core.gd:126)
SCRIPT ERROR: Parse Error: Identifier "DatingTypes" not declared in the current scope.
   at: GDScript::reload (res://game/dating/dating_core.gd:127)
SCRIPT ERROR: Parse Error: Identifier "PerkIds" not declared in the current scope.
   at: GDScript::reload (res://game/dating/dating_core.gd:131)
SCRIPT ERROR: Parse Error: Identifier "DatingTypes" not declared in the current scope.
   at: GDScript::reload (res://game/dating/dating_core.gd:136)
SCRIPT ERROR: Parse Error: Identifier "DatingTypes" not declared in the current scope.
   at: GDScript::reload (res://game/dating/dating_core.gd:139)
SCRIPT ERROR: Parse Error: Identifier "DatingTypes" not declared in the current scope.
   at: GDScript::reload (res://game/dating/dating_core.gd:144)
SCRIPT ERROR: Parse Error: Could not find type "DatingGreetingDefinition" in the current scope.
   at: GDScript::reload (res://game/dating/dating_core.gd:149)
SCRIPT ERROR: Parse Error: Could not find type "DatingGreetingDefinition" in the current scope.
   at: GDScript::reload (res://game/dating/dating_core.gd:149)
SCRIPT ERROR: Parse Error: Identifier "PerkIds" not declared in the current scope.
   at: GDScript::reload (res://game/dating/dating_core.gd:166)
SCRIPT ERROR: Parse Error: Identifier "DatingTypes" not declared in the current scope.
   at: GDScript::reload (res://game/dating/dating_core.gd:168)
SCRIPT ERROR: Parse Error: Identifier "DatingTypes" not declared in the current scope.
   at: GDScript::reload (res://game/dating/dating_core.gd:179)
SCRIPT ERROR: Parse Error: Identifier "DatingTypes" not declared in the current scope.
   at: GDScript::reload (res://game/dating/dating_core.gd:180)
SCRIPT ERROR: Parse Error: Identifier "DatingTypes" not declared in the current scope.
   at: GDScript::reload (res://game/dating/dating_core.gd:181)
SCRIPT ERROR: Parse Error: Identifier "DatingTypes" not declared in the current scope.
   at: GDScript::reload (res://game/dating/dating_core.gd:182)
SCRIPT ERROR: Parse Error: Identifier "DatingTypes" not declared in the current scope.
   at: GDScript::reload (res://game/dating/dating_core.gd:187)
SCRIPT ERROR: Parse Error: Could not find type "DatingGreetingDefinition" in the current scope.
   at: GDScript::reload (res://game/dating/dating_core.gd:188)
SCRIPT ERROR: Parse Error: Could not find type "DatingGreetingDefinition" in the current scope.
   at: GDScript::reload (res://game/dating/dating_core.gd:188)
SCRIPT ERROR: Parse Error: Identifier "DatingTypes" not declared in the current scope.
   at: GDScript::reload (res://game/dating/dating_core.gd:190)
SCRIPT ERROR: Parse Error: Identifier "DatingTypes" not declared in the current scope.
   at: GDScript::reload (res://game/dating/dating_core.gd:194)
SCRIPT ERROR: Parse Error: Identifier "DatingTypes" not declared in the current scope.
   at: GDScript::reload (res://game/dating/dating_core.gd:196)
SCRIPT ERROR: Parse Error: Could not find type "GirlDefinition" in the current scope.
   at: GDScript::reload (res://game/dating/dating_core.gd:197)
SCRIPT ERROR: Parse Error: Could not find type "GirlDefinition" in the current scope.
   at: GDScript::reload (res://game/dating/dating_core.gd:197)
SCRIPT ERROR: Parse Error: Identifier "PrimaryTraitEvaluator" not declared in the current scope.
   at: GDScript::reload (res://game/dating/dating_core.gd:198)
SCRIPT ERROR: Parse Error: Identifier "DatingTypes" not declared in the current scope.
   at: GDScript::reload (res://game/dating/dating_core.gd:206)
SCRIPT ERROR: Parse Error: Identifier "PerkIds" not declared in the current scope.
   at: GDScript::reload (res://game/dating/dating_core.gd:211)
SCRIPT ERROR: Parse Error: Identifier "DatingTypes" not declared in the current scope.
   at: GDScript::reload (res://game/dating/dating_core.gd:212)
SCRIPT ERROR: Parse Error: Identifier "DatingTypes" not declared in the current scope.
   at: GDScript::reload (res://game/dating/dating_core.gd:213)
SCRIPT ERROR: Parse Error: Identifier "DatingTypes" not declared in the current scope.
   at: GDScript::reload (res://game/dating/dating_core.gd:218)
SCRIPT ERROR: Parse Error: Identifier "PerkIds" not declared in the current scope.
   at: GDScript::reload (res://game/dating/dating_core.gd:220)
SCRIPT ERROR: Parse Error: Identifier "DatingTypes" not declared in the current scope.
   at: GDScript::reload (res://game/dating/dating_core.gd:224)
SCRIPT ERROR: Parse Error: Could not find type "GirlDefinition" in the current scope.
   at: GDScript::reload (res://game/dating/dating_core.gd:230)
SCRIPT ERROR: Parse Error: Could not find type "GirlDefinition" in the current scope.
   at: GDScript::reload (res://game/dating/dating_core.gd:230)
SCRIPT ERROR: Parse Error: Identifier "DatingTypes" not declared in the current scope.
   at: GDScript::reload (res://game/dating/dating_core.gd:247)
SCRIPT ERROR: Parse Error: Identifier "DatingTypes" not declared in the current scope.
   at: GDScript::reload (res://game/dating/dating_core.gd:249)
SCRIPT ERROR: Parse Error: Identifier "DatingTypes" not declared in the current scope.
   at: GDScript::reload (res://game/dating/dating_core.gd:255)
SCRIPT ERROR: Parse Error: Could not find type "DatingEventDefinition" in the current scope.
   at: GDScript::reload (res://game/dating/dating_core.gd:261)
SCRIPT ERROR: Parse Error: Identifier "DatingTypes" not declared in the current scope.
   at: GDScript::reload (res://game/dating/dating_core.gd:265)
SCRIPT ERROR: Parse Error: Could not find type "DatingFarewellDefinition" in the current scope.
   at: GDScript::reload (res://game/dating/dating_core.gd:268)
SCRIPT ERROR: Parse Error: Could not find type "DatingActionDefinition" in the current scope.
   at: GDScript::reload (res://game/dating/dating_core.gd:275)
SCRIPT ERROR: Parse Error: Could not find type "DatingActionDefinition" in the current scope.
   at: GDScript::reload (res://game/dating/dating_core.gd:282)
SCRIPT ERROR: Parse Error: Identifier "DatingTypes" not declared in the current scope.
   at: GDScript::reload (res://game/dating/dating_core.gd:285)
SCRIPT ERROR: Parse Error: Could not find type "DatingEventDefinition" in the current scope.
   at: GDScript::reload (res://game/dating/dating_core.gd:286)
SCRIPT ERROR: Parse Error: Identifier "DatingTypes" not declared in the current scope.
   at: GDScript::reload (res://game/dating/dating_core.gd:290)
SCRIPT ERROR: Parse Error: Could not find type "DatingFarewellDefinition" in the current scope.
   at: GDScript::reload (res://game/dating/dating_core.gd:291)
SCRIPT ERROR: Parse Error: Identifier "GameTypes" not declared in the current scope.
   at: GDScript::reload (res://game/dating/dating_core.gd:308)
SCRIPT ERROR: Parse Error: Identifier "PerkIds" not declared in the current scope.
   at: GDScript::reload (res://game/dating/dating_core.gd:311)
SCRIPT ERROR: Parse Error: Identifier "PerkIds" not declared in the current scope.
   at: GDScript::reload (res://game/dating/dating_core.gd:327)
SCRIPT ERROR: Parse Error: Identifier "DatingTypes" not declared in the current scope.
   at: GDScript::reload (res://game/dating/dating_core.gd:352)
SCRIPT ERROR: Parse Error: Identifier "DatingTypes" not declared in the current scope.
   at: GDScript::reload (res://game/dating/dating_core.gd:354)
SCRIPT ERROR: Parse Error: Identifier "DatingTypes" not declared in the current scope.
   at: GDScript::reload (res://game/dating/dating_core.gd:355)
SCRIPT ERROR: Parse Error: Identifier "DatingTypes" not declared in the current scope.
   at: GDScript::reload (res://game/dating/dating_core.gd:357)
SCRIPT ERROR: Parse Error: Could not find type "DatingActionDefinition" in the current scope.
   at: GDScript::reload (res://game/dating/dating_core.gd:358)
SCRIPT ERROR: Parse Error: Identifier "DatingTypes" not declared in the current scope.
   at: GDScript::reload (res://game/dating/dating_core.gd:360)
SCRIPT ERROR: Parse Error: Identifier "DatingTypes" not declared in the current scope.
   at: GDScript::reload (res://game/dating/dating_core.gd:363)
SCRIPT ERROR: Parse Error: Identifier "DatingTypes" not declared in the current scope.
   at: GDScript::reload (res://game/dating/dating_core.gd:378)
SCRIPT ERROR: Parse Error: Identifier "DatingActionExecutionResult" not declared in the current scope.
   at: GDScript::reload (res://game/dating/dating_core.gd:389)
SCRIPT ERROR: Parse Error: Cannot infer the type of "direct" variable because the value doesn't have a set type.
   at: GDScript::reload (res://game/dating/dating_core.gd:389)
SCRIPT ERROR: Parse Error: Identifier "DatingTypes" not declared in the current scope.
   at: GDScript::reload (res://game/dating/dating_core.gd:390)
SCRIPT ERROR: Parse Error: Identifier "DatingActionExecutionRequest" not declared in the current scope.
   at: GDScript::reload (res://game/dating/dating_core.gd:396)
SCRIPT ERROR: Parse Error: Cannot infer the type of "req" variable because the value doesn't have a set type.
   at: GDScript::reload (res://game/dating/dating_core.gd:396)
SCRIPT ERROR: Parse Error: Could not find type "DatingActionExecutionResult" in the current scope.
   at: GDScript::reload (res://game/dating/dating_core.gd:407)
SCRIPT ERROR: Parse Error: Could not find type "DatingActionExecutionResult" in the current scope.
   at: GDScript::reload (res://game/dating/dating_core.gd:408)
SCRIPT ERROR: Parse Error: Identifier "DatingTypes" not declared in the current scope.
   at: GDScript::reload (res://game/dating/dating_core.gd:409)
SCRIPT ERROR: Parse Error: Identifier "DatingTypes" not declared in the current scope.
   at: GDScript::reload (res://game/dating/dating_core.gd:411)
SCRIPT ERROR: Parse Error: Identifier "DatingTypes" not declared in the current scope.
   at: GDScript::reload (res://game/dating/dating_core.gd:416)
SCRIPT ERROR: Parse Error: Identifier "DatingTypes" not declared in the current scope.
   at: GDScript::reload (res://game/dating/dating_core.gd:417)
SCRIPT ERROR: Parse Error: Identifier "DatingTypes" not declared in the current scope.
   at: GDScript::reload (res://game/dating/dating_core.gd:418)
SCRIPT ERROR: Parse Error: Identifier "DatingTypes" not declared in the current scope.
   at: GDScript::reload (res://game/dating/dating_core.gd:420)
SCRIPT ERROR: Parse Error: Identifier "DatingTypes" not declared in the current scope.
   at: GDScript::reload (res://game/dating/dating_core.gd:422)
SCRIPT ERROR: Parse Error: Could not find type "DatingActionDefinition" in the current scope.
   at: GDScript::reload (res://game/dating/dating_core.gd:427)
SCRIPT ERROR: Parse Error: Identifier "DatingTypes" not declared in the current scope.
   at: GDScript::reload (res://game/dating/dating_core.gd:429)
SCRIPT ERROR: Parse Error: Could not find type "GameTypes" in the current scope.
   at: GDScript::reload (res://game/dating/dating_core.gd:430)
SCRIPT ERROR: Parse Error: Identifier "DatingTypes" not declared in the current scope.
   at: GDScript::reload (res://game/dating/dating_core.gd:436)
SCRIPT ERROR: Parse Error: Identifier "DatingTypes" not declared in the current scope.
   at: GDScript::reload (res://game/dating/dating_core.gd:441)
SCRIPT ERROR: Parse Error: Identifier "PerkIds" not declared in the current scope.
   at: GDScript::reload (res://game/dating/dating_core.gd:443)
SCRIPT ERROR: Parse Error: Could not find type "GirlDefinition" in the current scope.
   at: GDScript::reload (res://game/dating/dating_core.gd:450)
SCRIPT ERROR: Parse Error: Could not find type "GirlDefinition" in the current scope.
   at: GDScript::reload (res://game/dating/dating_core.gd:450)
SCRIPT ERROR: Parse Error: Identifier "PrimaryTraitEvaluator" not declared in the current scope.
   at: GDScript::reload (res://game/dating/dating_core.gd:451)
SCRIPT ERROR: Parse Error: Identifier "GameTypes" not declared in the current scope.
   at: GDScript::reload (res://game/dating/dating_core.gd:459)
SCRIPT ERROR: Parse Error: Identifier "PerkIds" not declared in the current scope.
   at: GDScript::reload (res://game/dating/dating_core.gd:462)
SCRIPT ERROR: Parse Error: Identifier "DatingTypes" not declared in the current scope.
   at: GDScript::reload (res://game/dating/dating_core.gd:465)
SCRIPT ERROR: Parse Error: Identifier "DatingTypes" not declared in the current scope.
   at: GDScript::reload (res://game/dating/dating_core.gd:466)
SCRIPT ERROR: Parse Error: Identifier "DatingTypes" not declared in the current scope.
   at: GDScript::reload (res://game/dating/dating_core.gd:472)
SCRIPT ERROR: Parse Error: Identifier "DatingTypes" not declared in the current scope.
   at: GDScript::reload (res://game/dating/dating_core.gd:473)
SCRIPT ERROR: Parse Error: Identifier "DatingTypes" not declared in the current scope.
   at: GDScript::reload (res://game/dating/dating_core.gd:474)
SCRIPT ERROR: Parse Error: Could not find type "GirlDefinition" in the current scope.
   at: GDScript::reload (res://game/dating/dating_core.gd:479)
SCRIPT ERROR: Parse Error: Could not find type "GirlDefinition" in the current scope.
   at: GDScript::reload (res://game/dating/dating_core.gd:479)
SCRIPT ERROR: Parse Error: Identifier "PrimaryTraitEvaluator" not declared in the current scope.
   at: GDScript::reload (res://game/dating/dating_core.gd:480)
SCRIPT ERROR: Parse Error: Could not find type "GameTypes" in the current scope.
   at: GDScript::reload (res://game/dating/dating_core.gd:487)
SCRIPT ERROR: Parse Error: Identifier "GameTypes" not declared in the current scope.
   at: GDScript::reload (res://game/dating/dating_core.gd:488)
SCRIPT ERROR: Parse Error: Identifier "GameTypes" not declared in the current scope.
   at: GDScript::reload (res://game/dating/dating_core.gd:491)
SCRIPT ERROR: Parse Error: Identifier "GameTypes" not declared in the current scope.
   at: GDScript::reload (res://game/dating/dating_core.gd:493)
SCRIPT ERROR: Parse Error: Identifier "GameTypes" not declared in the current scope.
   at: GDScript::reload (res://game/dating/dating_core.gd:495)
SCRIPT ERROR: Parse Error: Could not find type "DatingActionDefinition" in the current scope.
   at: GDScript::reload (res://game/dating/dating_core.gd:500)
SCRIPT ERROR: Parse Error: Identifier "DatingDecisionRecord" not declared in the current scope.
   at: GDScript::reload (res://game/dating/dating_core.gd:501)
SCRIPT ERROR: Parse Error: Cannot infer the type of "rec" variable because the value doesn't have a set type.
   at: GDScript::reload (res://game/dating/dating_core.gd:501)
SCRIPT ERROR: Parse Error: Identifier "DatingTypes" not declared in the current scope.
   at: GDScript::reload (res://game/dating/dating_core.gd:529)
SCRIPT ERROR: Parse Error: Identifier "DatingTypes" not declared in the current scope.
   at: GDScript::reload (res://game/dating/dating_core.gd:534)
SCRIPT ERROR: Parse Error: Identifier "DatingTypes" not declared in the current scope.
   at: GDScript::reload (res://game/dating/dating_core.gd:535)
SCRIPT ERROR: Parse Error: Identifier "DatingTypes" not declared in the current scope.
   at: GDScript::reload (res://game/dating/dating_core.gd:539)
SCRIPT ERROR: Parse Error: Identifier "DatingTypes" not declared in the current scope.
   at: GDScript::reload (res://game/dating/dating_core.gd:542)
SCRIPT ERROR: Parse Error: Could not find type "GirlDefinition" in the current scope.
   at: GDScript::reload (res://game/dating/dating_core.gd:544)
SCRIPT ERROR: Parse Error: Could not find type "GirlDefinition" in the current scope.
   at: GDScript::reload (res://game/dating/dating_core.gd:544)
SCRIPT ERROR: Parse Error: Identifier "SecondaryTraitEvaluator" not declared in the current scope.
   at: GDScript::reload (res://game/dating/dating_core.gd:548)
SCRIPT ERROR: Parse Error: Identifier "DatingResult" not declared in the current scope.
   at: GDScript::reload (res://game/dating/dating_core.gd:554)
SCRIPT ERROR: Parse Error: Cannot infer the type of "result" variable because the value doesn't have a set type.
   at: GDScript::reload (res://game/dating/dating_core.gd:554)
SCRIPT ERROR: Parse Error: Identifier "DatingTypes" not declared in the current scope.
   at: GDScript::reload (res://game/dating/dating_core.gd:570)
SCRIPT ERROR: Parse Error: Identifier "DatingTypes" not declared in the current scope.
   at: GDScript::reload (res://game/dating/dating_core.gd:574)
SCRIPT ERROR: Parse Error: Identifier "DatingTypes" not declared in the current scope.
   at: GDScript::reload (res://game/dating/dating_core.gd:579)
SCRIPT ERROR: Parse Error: Identifier "DatingTypes" not declared in the current scope.
   at: GDScript::reload (res://game/dating/dating_core.gd:581)
SCRIPT ERROR: Parse Error: Could not find type "DatingResult" in the current scope.
   at: GDScript::reload (res://game/dating/dating_core.gd:582)
SCRIPT ERROR: Parse Error: Identifier "DatingTypes" not declared in the current scope.
   at: GDScript::reload (res://game/dating/dating_core.gd:585)
SCRIPT ERROR: Parse Error: Could not find type "DatingActionDefinition" in the current scope.
   at: GDScript::reload (res://game/dating/dating_core.gd:591)
SCRIPT ERROR: Parse Error: Identifier "DatingTypes" not declared in the current scope.
   at: GDScript::reload (res://game/dating/dating_core.gd:603)
SCRIPT ERROR: Parse Error: Identifier "GameTypes" not declared in the current scope.
   at: GDScript::reload (res://game/dating/dating_core.gd:659)
SCRIPT ERROR: Parse Error: Identifier "GameTypes" not declared in the current scope.
   at: GDScript::reload (res://game/dating/dating_core.gd:661)
SCRIPT ERROR: Parse Error: Identifier "GameTypes" not declared in the current scope.
   at: GDScript::reload (res://game/dating/dating_core.gd:663)
SCRIPT ERROR: Parse Error: Identifier "GameTypes" not declared in the current scope.
   at: GDScript::reload (res://game/dating/dating_core.gd:665)
SCRIPT ERROR: Parse Error: Could not find type "PerkDefinition" in the current scope.
   at: GDScript::reload (res://game/dating/dating_core.gd:673)
SCRIPT ERROR: Parse Error: Could not find type "PerkDefinition" in the current scope.
   at: GDScript::reload (res://game/dating/dating_core.gd:673)
ERROR: Failed to load script "res://game/dating/dating_core.gd" with error "Parse error".
   at: load (modules/gdscript/gdscript_resource_format.cpp:46)
ERROR: Failed to instantiate an autoload, script 'res://game/dating/dating_core.gd' does not inherit from 'Node'.
   at: start (main/main.cpp:4535)
SCRIPT ERROR: Parse Error: Could not find type "RelationshipDateResult" in the current scope.
   at: GDScript::reload (res://game/relationships/relationships.gd:5)
SCRIPT ERROR: Parse Error: Could not find type "RelationshipDateResult" in the current scope.
   at: GDScript::reload (res://game/relationships/relationships.gd:6)
SCRIPT ERROR: Parse Error: Could not find type "RelationshipDateResult" in the current scope.
   at: GDScript::reload (res://game/relationships/relationships.gd:12)
SCRIPT ERROR: Parse Error: Could not find type "DatingResult" in the current scope.
   at: GDScript::reload (res://game/relationships/relationships.gd:47)
SCRIPT ERROR: Parse Error: Could not find type "RelationshipDateResult" in the current scope.
   at: GDScript::reload (res://game/relationships/relationships.gd:66)
SCRIPT ERROR: Parse Error: Could not find type "DatingResult" in the current scope.
   at: GDScript::reload (res://game/relationships/relationships.gd:74)
SCRIPT ERROR: Parse Error: Could not find type "RelationshipDateResult" in the current scope.
   at: GDScript::reload (res://game/relationships/relationships.gd:74)
SCRIPT ERROR: Parse Error: Could not find type "DatingResult" in the current scope.
   at: GDScript::reload (res://game/relationships/relationships.gd:134)
SCRIPT ERROR: Parse Error: Could not find type "DatingStartRequest" in the current scope.
   at: GDScript::reload (res://game/relationships/relationships.gd:204)
SCRIPT ERROR: Parse Error: Identifier "DfLog" not declared in the current scope.
   at: GDScript::reload (res://game/relationships/relationships.gd:26)
SCRIPT ERROR: Parse Error: Identifier "RelationshipDateResult" not declared in the current scope.
   at: GDScript::reload (res://game/relationships/relationships.gd:75)
SCRIPT ERROR: Parse Error: Cannot infer the type of "out" variable because the value doesn't have a set type.
   at: GDScript::reload (res://game/relationships/relationships.gd:75)
SCRIPT ERROR: Parse Error: Identifier "RelationshipTypes" not declared in the current scope.
   at: GDScript::reload (res://game/relationships/relationships.gd:79)
SCRIPT ERROR: Parse Error: Identifier "RelationshipTypes" not declared in the current scope.
   at: GDScript::reload (res://game/relationships/relationships.gd:87)
SCRIPT ERROR: Parse Error: Identifier "RelationshipTypes" not declared in the current scope.
   at: GDScript::reload (res://game/relationships/relationships.gd:116)
SCRIPT ERROR: Parse Error: Identifier "RelationshipTypes" not declared in the current scope.
   at: GDScript::reload (res://game/relationships/relationships.gd:136)
SCRIPT ERROR: Parse Error: Identifier "RelationshipTypes" not declared in the current scope.
   at: GDScript::reload (res://game/relationships/relationships.gd:138)
SCRIPT ERROR: Parse Error: Identifier "RelationshipTypes" not declared in the current scope.
   at: GDScript::reload (res://game/relationships/relationships.gd:140)
SCRIPT ERROR: Parse Error: Identifier "RelationshipTypes" not declared in the current scope.
   at: GDScript::reload (res://game/relationships/relationships.gd:142)
SCRIPT ERROR: Parse Error: Identifier "RelationshipTypes" not declared in the current scope.
   at: GDScript::reload (res://game/relationships/relationships.gd:144)
SCRIPT ERROR: Parse Error: Identifier "RelationshipTypes" not declared in the current scope.
   at: GDScript::reload (res://game/relationships/relationships.gd:148)
SCRIPT ERROR: Parse Error: Identifier "RelationshipTypes" not declared in the current scope.
   at: GDScript::reload (res://game/relationships/relationships.gd:150)
SCRIPT ERROR: Parse Error: Identifier "RelationshipTypes" not declared in the current scope.
   at: GDScript::reload (res://game/relationships/relationships.gd:153)
SCRIPT ERROR: Parse Error: Identifier "RelationshipTypes" not declared in the current scope.
   at: GDScript::reload (res://game/relationships/relationships.gd:154)
SCRIPT ERROR: Parse Error: Identifier "RelationshipTypes" not declared in the current scope.
   at: GDScript::reload (res://game/relationships/relationships.gd:159)
SCRIPT ERROR: Parse Error: Identifier "RelationshipTypes" not declared in the current scope.
   at: GDScript::reload (res://game/relationships/relationships.gd:159)
SCRIPT ERROR: Parse Error: Identifier "RelationshipTypes" not declared in the current scope.
   at: GDScript::reload (res://game/relationships/relationships.gd:165)
SCRIPT ERROR: Parse Error: Identifier "RelationshipTypes" not declared in the current scope.
   at: GDScript::reload (res://game/relationships/relationships.gd:167)
SCRIPT ERROR: Parse Error: Identifier "RelationshipTypes" not declared in the current scope.
   at: GDScript::reload (res://game/relationships/relationships.gd:169)
SCRIPT ERROR: Parse Error: Identifier "RelationshipTypes" not declared in the current scope.
   at: GDScript::reload (res://game/relationships/relationships.gd:172)
SCRIPT ERROR: Parse Error: Identifier "DatingOverloadTypes" not declared in the current scope.
   at: GDScript::reload (res://game/relationships/relationships.gd:177)
SCRIPT ERROR: Parse Error: Identifier "DatingOverloadTypes" not declared in the current scope.
   at: GDScript::reload (res://game/relationships/relationships.gd:179)
SCRIPT ERROR: Parse Error: Identifier "RelationshipTypes" not declared in the current scope.
   at: GDScript::reload (res://game/relationships/relationships.gd:181)
SCRIPT ERROR: Parse Error: Identifier "RelationshipTypes" not declared in the current scope.
   at: GDScript::reload (res://game/relationships/relationships.gd:206)
SCRIPT ERROR: Parse Error: Identifier "RelationshipTypes" not declared in the current scope.
   at: GDScript::reload (res://game/relationships/relationships.gd:208)
SCRIPT ERROR: Parse Error: Identifier "RelationshipTypes" not declared in the current scope.
   at: GDScript::reload (res://game/relationships/relationships.gd:209)
SCRIPT ERROR: Parse Error: Identifier "DatingOverloadTypes" not declared in the current scope.
   at: GDScript::reload (res://game/relationships/relationships.gd:211)
SCRIPT ERROR: Parse Error: Identifier "DatingOverloadTypes" not declared in the current scope.
   at: GDScript::reload (res://game/relationships/relationships.gd:212)
SCRIPT ERROR: Parse Error: Identifier "DatingTypes" not declared in the current scope.
   at: GDScript::reload (res://game/relationships/relationships.gd:220)
ERROR: Failed to load script "res://game/relationships/relationships.gd" with error "Parse error".
   at: load (modules/gdscript/gdscript_resource_format.cpp:46)
ERROR: Failed to instantiate an autoload, script 'res://game/relationships/relationships.gd' does not inherit from 'Node'.
   at: start (main/main.cpp:4535)
SCRIPT ERROR: Parse Error: Could not find type "GameTypes" in the current scope.
   at: GDScript::reload (res://game/story/story.gd:6)
SCRIPT ERROR: Parse Error: Could not find type "GameTypes" in the current scope.
   at: GDScript::reload (res://game/story/story.gd:7)
SCRIPT ERROR: Parse Error: Could not find type "StoryStageProgress" in the current scope.
   at: GDScript::reload (res://game/story/story.gd:8)
SCRIPT ERROR: Parse Error: Could not find type "StoryTypes" in the current scope.
   at: GDScript::reload (res://game/story/story.gd:9)
SCRIPT ERROR: Parse Error: Could not find type "StoryStageDefinition" in the current scope.
   at: GDScript::reload (res://game/story/story.gd:41)
SCRIPT ERROR: Parse Error: Could not find type "StoryStageProgress" in the current scope.
   at: GDScript::reload (res://game/story/story.gd:50)
SCRIPT ERROR: Parse Error: Could not find type "StoryTypes" in the current scope.
   at: GDScript::reload (res://game/story/story.gd:98)
SCRIPT ERROR: Parse Error: Could not find type "StoryTypes" in the current scope.
   at: GDScript::reload (res://game/story/story.gd:106)
SCRIPT ERROR: Parse Error: Could not find type "GameTypes" in the current scope.
   at: GDScript::reload (res://game/story/story.gd:106)
SCRIPT ERROR: Parse Error: Could not find type "StoryTypes" in the current scope.
   at: GDScript::reload (res://game/story/story.gd:125)
SCRIPT ERROR: Parse Error: Could not find type "StoryTypes" in the current scope.
   at: GDScript::reload (res://game/story/story.gd:142)
SCRIPT ERROR: Parse Error: Could not find type "StoryTypes" in the current scope.
   at: GDScript::reload (res://game/story/story.gd:179)
SCRIPT ERROR: Parse Error: Could not find type "RelationshipDateResult" in the current scope.
   at: GDScript::reload (res://game/story/story.gd:188)
SCRIPT ERROR: Parse Error: Could not find type "RivalEncounterResult" in the current scope.
   at: GDScript::reload (res://game/story/story.gd:197)
SCRIPT ERROR: Parse Error: Could not find type "GameTypes" in the current scope.
   at: GDScript::reload (res://game/story/story.gd:212)
SCRIPT ERROR: Parse Error: Could not find type "GameTypes" in the current scope.
   at: GDScript::reload (res://game/story/story.gd:212)
SCRIPT ERROR: Parse Error: Could not find type "StoryStageDefinition" in the current scope.
   at: GDScript::reload (res://game/story/story.gd:254)
SCRIPT ERROR: Parse Error: Could not find type "GameTypes" in the current scope.
   at: GDScript::reload (res://game/story/story.gd:278)
SCRIPT ERROR: Parse Error: Could not find type "GameTypes" in the current scope.
   at: GDScript::reload (res://game/story/story.gd:279)
SCRIPT ERROR: Parse Error: Identifier "DfLog" not declared in the current scope.
   at: GDScript::reload (res://game/story/story.gd:18)
SCRIPT ERROR: Parse Error: Could not find type "GameTypes" in the current scope.
   at: GDScript::reload (res://game/story/story.gd:46)
SCRIPT ERROR: Parse Error: Could not find type "GameTypes" in the current scope.
   at: GDScript::reload (res://game/story/story.gd:46)
SCRIPT ERROR: Parse Error: Could not find type "StoryStageDefinition" in the current scope.
   at: GDScript::reload (res://game/story/story.gd:47)
SCRIPT ERROR: Parse Error: Could not find type "StoryStageProgress" in the current scope.
   at: GDScript::reload (res://game/story/story.gd:51)
SCRIPT ERROR: Parse Error: Identifier "StoryStageProgress" not declared in the current scope.
   at: GDScript::reload (res://game/story/story.gd:51)
SCRIPT ERROR: Parse Error: Could not find type "StoryStageDefinition" in the current scope.
   at: GDScript::reload (res://game/story/story.gd:52)
SCRIPT ERROR: Parse Error: Identifier "StoryIds" not declared in the current scope.
   at: GDScript::reload (res://game/story/story.gd:71)
SCRIPT ERROR: Parse Error: Could not find type "GameTypes" in the current scope.
   at: GDScript::reload (res://game/story/story.gd:90)
SCRIPT ERROR: Parse Error: Could not find type "GameTypes" in the current scope.
   at: GDScript::reload (res://game/story/story.gd:90)
SCRIPT ERROR: Parse Error: Identifier "GameTypes" not declared in the current scope.
   at: GDScript::reload (res://game/story/story.gd:91)
SCRIPT ERROR: Parse Error: Identifier "StoryIds" not declared in the current scope.
   at: GDScript::reload (res://game/story/story.gd:93)
SCRIPT ERROR: Parse Error: Identifier "StoryIds" not declared in the current scope.
   at: GDScript::reload (res://game/story/story.gd:94)
SCRIPT ERROR: Parse Error: Identifier "StoryTypes" not declared in the current scope.
   at: GDScript::reload (res://game/story/story.gd:108)
SCRIPT ERROR: Parse Error: Identifier "GameTypes" not declared in the current scope.
   at: GDScript::reload (res://game/story/story.gd:109)
SCRIPT ERROR: Parse Error: Identifier "StoryTypes" not declared in the current scope.
   at: GDScript::reload (res://game/story/story.gd:110)
SCRIPT ERROR: Parse Error: Identifier "GameTypes" not declared in the current scope.
   at: GDScript::reload (res://game/story/story.gd:111)
SCRIPT ERROR: Parse Error: Identifier "StoryTypes" not declared in the current scope.
   at: GDScript::reload (res://game/story/story.gd:112)
SCRIPT ERROR: Parse Error: Identifier "GameTypes" not declared in the current scope.
   at: GDScript::reload (res://game/story/story.gd:113)
SCRIPT ERROR: Parse Error: Identifier "StoryTypes" not declared in the current scope.
   at: GDScript::reload (res://game/story/story.gd:114)
SCRIPT ERROR: Parse Error: Identifier "GameTypes" not declared in the current scope.
   at: GDScript::reload (res://game/story/story.gd:115)
SCRIPT ERROR: Parse Error: Identifier "StoryTypes" not declared in the current scope.
   at: GDScript::reload (res://game/story/story.gd:116)
SCRIPT ERROR: Parse Error: Identifier "GameTypes" not declared in the current scope.
   at: GDScript::reload (res://game/story/story.gd:117)
SCRIPT ERROR: Parse Error: Identifier "StoryTypes" not declared in the current scope.
   at: GDScript::reload (res://game/story/story.gd:118)
SCRIPT ERROR: Parse Error: Identifier "GameTypes" not declared in the current scope.
   at: GDScript::reload (res://game/story/story.gd:119)
SCRIPT ERROR: Parse Error: Identifier "StoryTypes" not declared in the current scope.
   at: GDScript::reload (res://game/story/story.gd:120)
SCRIPT ERROR: Parse Error: Identifier "GameTypes" not declared in the current scope.
   at: GDScript::reload (res://game/story/story.gd:121)
SCRIPT ERROR: Parse Error: Identifier "GameTypes" not declared in the current scope.
   at: GDScript::reload (res://game/story/story.gd:122)
SCRIPT ERROR: Parse Error: Identifier "StoryIds" not declared in the current scope.
   at: GDScript::reload (res://game/story/story.gd:126)
SCRIPT ERROR: Parse Error: Identifier "StoryTypes" not declared in the current scope.
   at: GDScript::reload (res://game/story/story.gd:127)
SCRIPT ERROR: Parse Error: Could not find type "StoryStageDefinition" in the current scope.
   at: GDScript::reload (res://game/story/story.gd:128)
SCRIPT ERROR: Parse Error: Identifier "StoryTypes" not declared in the current scope.
   at: GDScript::reload (res://game/story/story.gd:130)
SCRIPT ERROR: Parse Error: Identifier "StoryTypes" not declared in the current scope.
   at: GDScript::reload (res://game/story/story.gd:132)
SCRIPT ERROR: Parse Error: Identifier "StoryTypes" not declared in the current scope.
   at: GDScript::reload (res://game/story/story.gd:136)
SCRIPT ERROR: Parse Error: Identifier "StoryTypes" not declared in the current scope.
   at: GDScript::reload (res://game/story/story.gd:138)
SCRIPT ERROR: Parse Error: Identifier "StoryTypes" not declared in the current scope.
   at: GDScript::reload (res://game/story/story.gd:139)
SCRIPT ERROR: Parse Error: Identifier "StoryIds" not declared in the current scope.
   at: GDScript::reload (res://game/story/story.gd:143)
SCRIPT ERROR: Parse Error: Identifier "StoryTypes" not declared in the current scope.
   at: GDScript::reload (res://game/story/story.gd:144)
SCRIPT ERROR: Parse Error: Could not find type "StoryStageDefinition" in the current scope.
   at: GDScript::reload (res://game/story/story.gd:145)
SCRIPT ERROR: Parse Error: Identifier "StoryTypes" not declared in the current scope.
   at: GDScript::reload (res://game/story/story.gd:147)
SCRIPT ERROR: Parse Error: Identifier "StoryTypes" not declared in the current scope.
   at: GDScript::reload (res://game/story/story.gd:149)
SCRIPT ERROR: Parse Error: Identifier "StoryTypes" not declared in the current scope.
   at: GDScript::reload (res://game/story/story.gd:152)
SCRIPT ERROR: Parse Error: Identifier "StoryTypes" not declared in the current scope.
   at: GDScript::reload (res://game/story/story.gd:153)
SCRIPT ERROR: Parse Error: Identifier "StoryIds" not declared in the current scope.
   at: GDScript::reload (res://game/story/story.gd:157)
SCRIPT ERROR: Parse Error: Could not find type "StoryStageDefinition" in the current scope.
   at: GDScript::reload (res://game/story/story.gd:159)
SCRIPT ERROR: Parse Error: Identifier "StoryIds" not declared in the current scope.
   at: GDScript::reload (res://game/story/story.gd:166)
SCRIPT ERROR: Parse Error: Could not find type "StoryStageDefinition" in the current scope.
   at: GDScript::reload (res://game/story/story.gd:168)
SCRIPT ERROR: Parse Error: Identifier "StoryTypes" not declared in the current scope.
   at: GDScript::reload (res://game/story/story.gd:181)
SCRIPT ERROR: Parse Error: Identifier "StoryTypes" not declared in the current scope.
   at: GDScript::reload (res://game/story/story.gd:183)
SCRIPT ERROR: Parse Error: Could not find type "StoryStageDefinition" in the current scope.
   at: GDScript::reload (res://game/story/story.gd:189)
SCRIPT ERROR: Parse Error: Could not find type "StoryStageDefinition" in the current scope.
   at: GDScript::reload (res://game/story/story.gd:200)
SCRIPT ERROR: Parse Error: Could not find type "StoryStageDefinition" in the current scope.
   at: GDScript::reload (res://game/story/story.gd:223)
SCRIPT ERROR: Parse Error: Identifier "StoryTypes" not declared in the current scope.
   at: GDScript::reload (res://game/story/story.gd:229)
SCRIPT ERROR: Parse Error: Could not find type "GameTypes" in the current scope.
   at: GDScript::reload (res://game/story/story.gd:235)
SCRIPT ERROR: Parse Error: Could not find type "GameTypes" in the current scope.
   at: GDScript::reload (res://game/story/story.gd:235)
SCRIPT ERROR: Parse Error: Could not find type "GameTypes" in the current scope.
   at: GDScript::reload (res://game/story/story.gd:236)
SCRIPT ERROR: Parse Error: Identifier "StoryTypes" not declared in the current scope.
   at: GDScript::reload (res://game/story/story.gd:259)
SCRIPT ERROR: Parse Error: Identifier "StoryTypes" not declared in the current scope.
   at: GDScript::reload (res://game/story/story.gd:261)
SCRIPT ERROR: Parse Error: Identifier "StoryIds" not declared in the current scope.
   at: GDScript::reload (res://game/story/story.gd:262)
SCRIPT ERROR: Parse Error: Identifier "StoryTypes" not declared in the current scope.
   at: GDScript::reload (res://game/story/story.gd:263)
SCRIPT ERROR: Parse Error: Could not find type "StoryTypes" in the current scope.
   at: GDScript::reload (res://game/story/story.gd:281)
SCRIPT ERROR: Parse Error: Identifier "StoryTypes" not declared in the current scope.
   at: GDScript::reload (res://game/story/story.gd:282)
SCRIPT ERROR: Parse Error: Identifier "StoryTypes" not declared in the current scope.
   at: GDScript::reload (res://game/story/story.gd:283)
SCRIPT ERROR: Parse Error: Identifier "StoryTypes" not declared in the current scope.
   at: GDScript::reload (res://game/story/story.gd:284)
SCRIPT ERROR: Parse Error: Identifier "StoryTypes" not declared in the current scope.
   at: GDScript::reload (res://game/story/story.gd:285)
SCRIPT ERROR: Parse Error: Identifier "StoryTypes" not declared in the current scope.
   at: GDScript::reload (res://game/story/story.gd:286)
SCRIPT ERROR: Parse Error: Identifier "StoryTypes" not declared in the current scope.
   at: GDScript::reload (res://game/story/story.gd:287)
SCRIPT ERROR: Parse Error: Identifier "StoryTypes" not declared in the current scope.
   at: GDScript::reload (res://game/story/story.gd:288)
ERROR: Failed to load script "res://game/story/story.gd" with error "Parse error".
   at: load (modules/gdscript/gdscript_resource_format.cpp:46)
ERROR: Failed to instantiate an autoload, script 'res://game/story/story.gd' does not inherit from 'Node'.
   at: start (main/main.cpp:4535)
SCRIPT ERROR: Parse Error: Could not find type "WorldTypes" in the current scope.
   at: GDScript::reload (res://world/world.gd:7)
SCRIPT ERROR: Parse Error: Could not find type "PlayerController" in the current scope.
   at: GDScript::reload (res://world/world.gd:35)
SCRIPT ERROR: Parse Error: Could not find type "PhoneJournal" in the current scope.
   at: GDScript::reload (res://world/world.gd:36)
SCRIPT ERROR: Parse Error: Could not find type "GameHUD" in the current scope.
   at: GDScript::reload (res://world/world.gd:37)
SCRIPT ERROR: Parse Error: Could not find type "WorldLocation" in the current scope.
   at: GDScript::reload (res://world/world.gd:38)
SCRIPT ERROR: Parse Error: Could not find type "WorldTypes" in the current scope.
   at: GDScript::reload (res://world/world.gd:68)
SCRIPT ERROR: Parse Error: Could not find type "WorldTypes" in the current scope.
   at: GDScript::reload (res://world/world.gd:83)
SCRIPT ERROR: Parse Error: Could not find type "GameHUD" in the current scope.
   at: GDScript::reload (res://world/world.gd:195)
SCRIPT ERROR: Parse Error: Could not find type "PlayerController" in the current scope.
   at: GDScript::reload (res://world/world.gd:199)
SCRIPT ERROR: Parse Error: Could not find type "WorldLocation" in the current scope.
   at: GDScript::reload (res://world/world.gd:203)
SCRIPT ERROR: Parse Error: Could not find type "WorldLocation" in the current scope.
   at: GDScript::reload (res://world/world.gd:211)
SCRIPT ERROR: Parse Error: Could not find type "PhoneJournal" in the current scope.
   at: GDScript::reload (res://world/world.gd:230)
SCRIPT ERROR: Parse Error: Could not find type "WorldAccessResult" in the current scope.
   at: GDScript::reload (res://world/world.gd:277)
SCRIPT ERROR: Parse Error: Could not find type "WorldTypes" in the current scope.
   at: GDScript::reload (res://world/world.gd:351)
SCRIPT ERROR: Parse Error: Could not find type "WorldTypes" in the current scope.
   at: GDScript::reload (res://world/world.gd:366)
SCRIPT ERROR: Parse Error: Could not find type "WorldTypes" in the current scope.
   at: GDScript::reload (res://world/world.gd:454)
SCRIPT ERROR: Parse Error: Could not find type "GameTypes" in the current scope.
   at: GDScript::reload (res://world/world.gd:621)
SCRIPT ERROR: Parse Error: Could not find type "GameTypes" in the current scope.
   at: GDScript::reload (res://world/world.gd:621)
SCRIPT ERROR: Parse Error: Could not find type "StoryTypes" in the current scope.
   at: GDScript::reload (res://world/world.gd:625)
SCRIPT ERROR: Parse Error: Identifier "DfLog" not declared in the current scope.
   at: GDScript::reload (res://world/world.gd:49)
SCRIPT ERROR: Parse Error: Identifier "WorldTypes" not declared in the current scope.
   at: GDScript::reload (res://world/world.gd:72)
SCRIPT ERROR: Parse Error: Could not find type "PlayerController" in the current scope.
   at: GDScript::reload (res://world/world.gd:133)
SCRIPT ERROR: Parse Error: Could not find type "PlayerController" in the current scope.
   at: GDScript::reload (res://world/world.gd:134)
SCRIPT ERROR: Parse Error: Could not find type "PlayerController" in the current scope.
   at: GDScript::reload (res://world/world.gd:141)
SCRIPT ERROR: Parse Error: Could not find type "PlayerController" in the current scope.
   at: GDScript::reload (res://world/world.gd:145)
SCRIPT ERROR: Parse Error: Could not find type "PhoneJournal" in the current scope.
   at: GDScript::reload (res://world/world.gd:154)
SCRIPT ERROR: Parse Error: Could not find type "PhoneJournal" in the current scope.
   at: GDScript::reload (res://world/world.gd:155)
SCRIPT ERROR: Parse Error: Could not find type "PhoneJournal" in the current scope.
   at: GDScript::reload (res://world/world.gd:162)
SCRIPT ERROR: Parse Error: Could not find type "PhoneJournal" in the current scope.
   at: GDScript::reload (res://world/world.gd:166)
SCRIPT ERROR: Parse Error: Could not find type "GameHUD" in the current scope.
   at: GDScript::reload (res://world/world.gd:178)
SCRIPT ERROR: Parse Error: Could not find type "GameHUD" in the current scope.
   at: GDScript::reload (res://world/world.gd:179)
SCRIPT ERROR: Parse Error: Could not find type "GameHUD" in the current scope.
   at: GDScript::reload (res://world/world.gd:186)
SCRIPT ERROR: Parse Error: Could not find type "GameHUD" in the current scope.
   at: GDScript::reload (res://world/world.gd:190)
SCRIPT ERROR: Parse Error: Identifier "StoryTypes" not declared in the current scope.
   at: GDScript::reload (res://world/world.gd:266)
SCRIPT ERROR: Parse Error: Identifier "StoryTypes" not declared in the current scope.
   at: GDScript::reload (res://world/world.gd:267)
SCRIPT ERROR: Parse Error: Identifier "StoryTypes" not declared in the current scope.
   at: GDScript::reload (res://world/world.gd:268)
SCRIPT ERROR: Parse Error: Identifier "StoryTypes" not declared in the current scope.
   at: GDScript::reload (res://world/world.gd:269)
SCRIPT ERROR: Parse Error: Identifier "StoryTypes" not declared in the current scope.
   at: GDScript::reload (res://world/world.gd:270)
SCRIPT ERROR: Parse Error: Identifier "StoryTypes" not declared in the current scope.
   at: GDScript::reload (res://world/world.gd:271)
SCRIPT ERROR: Parse Error: Identifier "StoryTypes" not declared in the current scope.
   at: GDScript::reload (res://world/world.gd:272)
SCRIPT ERROR: Parse Error: Identifier "StoryTypes" not declared in the current scope.
   at: GDScript::reload (res://world/world.gd:273)
SCRIPT ERROR: Parse Error: Identifier "WorldAccessResult" not declared in the current scope.
   at: GDScript::reload (res://world/world.gd:278)
SCRIPT ERROR: Parse Error: Cannot infer the type of "result" variable because the value doesn't have a set type.
   at: GDScript::reload (res://world/world.gd:278)
SCRIPT ERROR: Parse Error: Could not find type "GameTypes" in the current scope.
   at: GDScript::reload (res://world/world.gd:282)
SCRIPT ERROR: Parse Error: Identifier "WorldTypes" not declared in the current scope.
   at: GDScript::reload (res://world/world.gd:284)
SCRIPT ERROR: Parse Error: Identifier "WorldTypes" not declared in the current scope.
   at: GDScript::reload (res://world/world.gd:288)
SCRIPT ERROR: Parse Error: Identifier "WorldTypes" not declared in the current scope.
   at: GDScript::reload (res://world/world.gd:292)
SCRIPT ERROR: Parse Error: Could not find type "WorldTypes" in the current scope.
   at: GDScript::reload (res://world/world.gd:297)
SCRIPT ERROR: Parse Error: Could not find type "WorldTypes" in the current scope.
   at: GDScript::reload (res://world/world.gd:298)
SCRIPT ERROR: Parse Error: Identifier "WorldTypes" not declared in the current scope.
   at: GDScript::reload (res://world/world.gd:302)
SCRIPT ERROR: Parse Error: Identifier "WorldTypes" not declared in the current scope.
   at: GDScript::reload (res://world/world.gd:304)
SCRIPT ERROR: Parse Error: Could not find type "StoryTypes" in the current scope.
   at: GDScript::reload (res://world/world.gd:310)
SCRIPT ERROR: Parse Error: Identifier "WorldTypes" not declared in the current scope.
   at: GDScript::reload (res://world/world.gd:314)
SCRIPT ERROR: Parse Error: Identifier "WorldTypes" not declared in the current scope.
   at: GDScript::reload (res://world/world.gd:318)
SCRIPT ERROR: Parse Error: Identifier "WorldTypes" not declared in the current scope.
   at: GDScript::reload (res://world/world.gd:323)
SCRIPT ERROR: Parse Error: Identifier "WorldTypes" not declared in the current scope.
   at: GDScript::reload (res://world/world.gd:326)
SCRIPT ERROR: Parse Error: Could not find type "WorldAccessResult" in the current scope.
   at: GDScript::reload (res://world/world.gd:332)
SCRIPT ERROR: Parse Error: Could not find type "LocationDefinition" in the current scope.
   at: GDScript::reload (res://world/world.gd:342)
SCRIPT ERROR: Parse Error: Could not find type "LocationDefinition" in the current scope.
   at: GDScript::reload (res://world/world.gd:342)
SCRIPT ERROR: Parse Error: Identifier "WorldTypes" not declared in the current scope.
   at: GDScript::reload (res://world/world.gd:353)
SCRIPT ERROR: Parse Error: Identifier "WorldTypes" not declared in the current scope.
   at: GDScript::reload (res://world/world.gd:354)
SCRIPT ERROR: Parse Error: Could not find type "WorldTypes" in the current scope.
   at: GDScript::reload (res://world/world.gd:356)
SCRIPT ERROR: Parse Error: Identifier "WorldTypes" not declared in the current scope.
   at: GDScript::reload (res://world/world.gd:358)
SCRIPT ERROR: Parse Error: Identifier "WorldTypes" not declared in the current scope.
   at: GDScript::reload (res://world/world.gd:369)
SCRIPT ERROR: Parse Error: Identifier "WorldTypes" not declared in the current scope.
   at: GDScript::reload (res://world/world.gd:371)
SCRIPT ERROR: Parse Error: Identifier "WorldTypes" not declared in the current scope.
   at: GDScript::reload (res://world/world.gd:373)
SCRIPT ERROR: Parse Error: Could not find type "WorldAccessResult" in the current scope.
   at: GDScript::reload (res://world/world.gd:374)
SCRIPT ERROR: Parse Error: Identifier "WorldTypes" not declared in the current scope.
   at: GDScript::reload (res://world/world.gd:375)
SCRIPT ERROR: Parse Error: Identifier "WorldTypes" not declared in the current scope.
   at: GDScript::reload (res://world/world.gd:376)
SCRIPT ERROR: Parse Error: Identifier "WorldTypes" not declared in the current scope.
   at: GDScript::reload (res://world/world.gd:377)
SCRIPT ERROR: Parse Error: Identifier "WorldTypes" not declared in the current scope.
   at: GDScript::reload (res://world/world.gd:378)
SCRIPT ERROR: Parse Error: Identifier "WorldTypes" not declared in the current scope.
   at: GDScript::reload (res://world/world.gd:379)
SCRIPT ERROR: Parse Error: Identifier "WorldTypes" not declared in the current scope.
   at: GDScript::reload (res://world/world.gd:380)
SCRIPT ERROR: Parse Error: Identifier "WorldTypes" not declared in the current scope.
   at: GDScript::reload (res://world/world.gd:383)
SCRIPT ERROR: Parse Error: Identifier "WorldTypes" not declared in the current scope.
   at: GDScript::reload (res://world/world.gd:387)
SCRIPT ERROR: Parse Error: Could not find type "WorldLocation" in the current scope.
   at: GDScript::reload (res://world/world.gd:389)
SCRIPT ERROR: Parse Error: Identifier "WorldTypes" not declared in the current scope.
   at: GDScript::reload (res://world/world.gd:391)
SCRIPT ERROR: Parse Error: Could not find type "WorldLocation" in the current scope.
   at: GDScript::reload (res://world/world.gd:392)
SCRIPT ERROR: Parse Error: Could not find type "WorldLocation" in the current scope.
   at: GDScript::reload (res://world/world.gd:392)
SCRIPT ERROR: Parse Error: Identifier "WorldTypes" not declared in the current scope.
   at: GDScript::reload (res://world/world.gd:395)
SCRIPT ERROR: Parse Error: Could not find type "PlayerSpawnPoint" in the current scope.
   at: GDScript::reload (res://world/world.gd:401)
SCRIPT ERROR: Parse Error: Identifier "WorldTypes" not declared in the current scope.
   at: GDScript::reload (res://world/world.gd:412)
SCRIPT ERROR: Parse Error: Could not find type "WorldLocation" in the current scope.
   at: GDScript::reload (res://world/world.gd:415)
SCRIPT ERROR: Parse Error: Could not find type "PlayerController" in the current scope.
   at: GDScript::reload (res://world/world.gd:417)
SCRIPT ERROR: Parse Error: Identifier "PlayerController" not declared in the current scope.
   at: GDScript::reload (res://world/world.gd:417)
SCRIPT ERROR: Parse Error: Identifier "PlayerController" not declared in the current scope.
   at: GDScript::reload (res://world/world.gd:418)
SCRIPT ERROR: Parse Error: Identifier "PlayerController" not declared in the current scope.
   at: GDScript::reload (res://world/world.gd:419)
SCRIPT ERROR: Parse Error: Identifier "PlayerController" not declared in the current scope.
   at: GDScript::reload (res://world/world.gd:422)
SCRIPT ERROR: Parse Error: Identifier "PlayerController" not declared in the current scope.
   at: GDScript::reload (res://world/world.gd:423)
SCRIPT ERROR: Parse Error: Identifier "PlayerController" not declared in the current scope.
   at: GDScript::reload (res://world/world.gd:435)
SCRIPT ERROR: Parse Error: Identifier "WorldTypes" not declared in the current scope.
   at: GDScript::reload (res://world/world.gd:439)
SCRIPT ERROR: Parse Error: Identifier "WorldTypes" not declared in the current scope.
   at: GDScript::reload (res://world/world.gd:457)
SCRIPT ERROR: Parse Error: Could not find type "WorldTypes" in the current scope.
   at: GDScript::reload (res://world/world.gd:461)
SCRIPT ERROR: Parse Error: Identifier "WorldTypes" not declared in the current scope.
   at: GDScript::reload (res://world/world.gd:463)
SCRIPT ERROR: Parse Error: Could not find type "WorldTypes" in the current scope.
   at: GDScript::reload (res://world/world.gd:491)
SCRIPT ERROR: Parse Error: Identifier "WorldTypes" not declared in the current scope.
   at: GDScript::reload (res://world/world.gd:492)
SCRIPT ERROR: Parse Error: Identifier "WorldTypes" not declared in the current scope.
   at: GDScript::reload (res://world/world.gd:496)
SCRIPT ERROR: Parse Error: Identifier "WorldTypes" not declared in the current scope.
   at: GDScript::reload (res://world/world.gd:499)
SCRIPT ERROR: Parse Error: Identifier "WorldTypes" not declared in the current scope.
   at: GDScript::reload (res://world/world.gd:502)
SCRIPT ERROR: Parse Error: Could not find type "WorldLocation" in the current scope.
   at: GDScript::reload (res://world/world.gd:602)
SCRIPT ERROR: Parse Error: Could not find type "WorldLocation" in the current scope.
   at: GDScript::reload (res://world/world.gd:606)
SCRIPT ERROR: Parse Error: Could not find type "WorldLocation" in the current scope.
   at: GDScript::reload (res://world/world.gd:606)
ERROR: Failed to load script "res://world/world.gd" with error "Parse error".
   at: load (modules/gdscript/gdscript_resource_format.cpp:46)
ERROR: Failed to instantiate an autoload, script 'res://world/world.gd' does not inherit from 'Node'.
   at: start (main/main.cpp:4535)
SCRIPT ERROR: Parse Error: Could not find type "SalaryStatus" in the current scope.
   at: GDScript::reload (res://game/salary/salary_mine.gd:7)
SCRIPT ERROR: Parse Error: Could not find type "SalaryTypes" in the current scope.
   at: GDScript::reload (res://game/salary/salary_mine.gd:9)
SCRIPT ERROR: Parse Error: Could not find type "SalaryStatus" in the current scope.
   at: GDScript::reload (res://game/salary/salary_mine.gd:72)
SCRIPT ERROR: Parse Error: Could not find type "SalaryClaimResult" in the current scope.
   at: GDScript::reload (res://game/salary/salary_mine.gd:105)
SCRIPT ERROR: Parse Error: Could not find type "SalaryClaimResult" in the current scope.
   at: GDScript::reload (res://game/salary/salary_mine.gd:148)
SCRIPT ERROR: Parse Error: Could not find type "StoryTypes" in the current scope.
   at: GDScript::reload (res://game/salary/salary_mine.gd:226)
SCRIPT ERROR: Parse Error: Identifier "DfLog" not declared in the current scope.
   at: GDScript::reload (res://game/salary/salary_mine.gd:22)
SCRIPT ERROR: Parse Error: Identifier "StoryTypes" not declared in the current scope.
   at: GDScript::reload (res://game/salary/salary_mine.gd:43)
SCRIPT ERROR: Parse Error: Identifier "PerkIds" not declared in the current scope.
   at: GDScript::reload (res://game/salary/salary_mine.gd:52)
SCRIPT ERROR: Parse Error: Identifier "PerkIds" not declared in the current scope.
   at: GDScript::reload (res://game/salary/salary_mine.gd:63)
SCRIPT ERROR: Parse Error: Could not find type "SalaryStatus" in the current scope.
   at: GDScript::reload (res://game/salary/salary_mine.gd:74)
SCRIPT ERROR: Parse Error: Identifier "SalaryStatus" not declared in the current scope.
   at: GDScript::reload (res://game/salary/salary_mine.gd:74)
SCRIPT ERROR: Parse Error: Identifier "PerkIds" not declared in the current scope.
   at: GDScript::reload (res://game/salary/salary_mine.gd:95)
SCRIPT ERROR: Parse Error: Could not find type "SalaryClaimResult" in the current scope.
   at: GDScript::reload (res://game/salary/salary_mine.gd:106)
SCRIPT ERROR: Parse Error: Identifier "SalaryClaimResult" not declared in the current scope.
   at: GDScript::reload (res://game/salary/salary_mine.gd:106)
SCRIPT ERROR: Parse Error: Identifier "SalaryTypes" not declared in the current scope.
   at: GDScript::reload (res://game/salary/salary_mine.gd:107)
SCRIPT ERROR: Parse Error: Identifier "SalaryTypes" not declared in the current scope.
   at: GDScript::reload (res://game/salary/salary_mine.gd:110)
SCRIPT ERROR: Parse Error: Identifier "SalaryTypes" not declared in the current scope.
   at: GDScript::reload (res://game/salary/salary_mine.gd:114)
SCRIPT ERROR: Parse Error: Identifier "SalaryTypes" not declared in the current scope.
   at: GDScript::reload (res://game/salary/salary_mine.gd:119)
SCRIPT ERROR: Parse Error: Identifier "SalaryTypes" not declared in the current scope.
   at: GDScript::reload (res://game/salary/salary_mine.gd:125)
SCRIPT ERROR: Parse Error: Identifier "SalaryTypes" not declared in the current scope.
   at: GDScript::reload (res://game/salary/salary_mine.gd:138)
SCRIPT ERROR: Parse Error: Identifier "SalaryTypes" not declared in the current scope.
   at: GDScript::reload (res://game/salary/salary_mine.gd:143)
SCRIPT ERROR: Parse Error: Could not find type "SalaryClaimResult" in the current scope.
   at: GDScript::reload (res://game/salary/salary_mine.gd:149)
SCRIPT ERROR: Parse Error: Identifier "SalaryClaimResult" not declared in the current scope.
   at: GDScript::reload (res://game/salary/salary_mine.gd:149)
SCRIPT ERROR: Parse Error: Identifier "SalaryTypes" not declared in the current scope.
   at: GDScript::reload (res://game/salary/salary_mine.gd:150)
SCRIPT ERROR: Parse Error: Identifier "SalaryTypes" not declared in the current scope.
   at: GDScript::reload (res://game/salary/salary_mine.gd:153)
SCRIPT ERROR: Parse Error: Identifier "SalaryTypes" not declared in the current scope.
   at: GDScript::reload (res://game/salary/salary_mine.gd:157)
SCRIPT ERROR: Parse Error: Identifier "SalaryTypes" not declared in the current scope.
   at: GDScript::reload (res://game/salary/salary_mine.gd:162)
SCRIPT ERROR: Parse Error: Identifier "PerkIds" not declared in the current scope.
   at: GDScript::reload (res://game/salary/salary_mine.gd:166)
SCRIPT ERROR: Parse Error: Identifier "SalaryTypes" not declared in the current scope.
   at: GDScript::reload (res://game/salary/salary_mine.gd:167)
SCRIPT ERROR: Parse Error: Identifier "SalaryTypes" not declared in the current scope.
   at: GDScript::reload (res://game/salary/salary_mine.gd:174)
SCRIPT ERROR: Parse Error: Identifier "SalaryTypes" not declared in the current scope.
   at: GDScript::reload (res://game/salary/salary_mine.gd:180)
SCRIPT ERROR: Parse Error: Identifier "SalaryTypes" not declared in the current scope.
   at: GDScript::reload (res://game/salary/salary_mine.gd:189)
SCRIPT ERROR: Parse Error: Identifier "SalaryTypes" not declared in the current scope.
   at: GDScript::reload (res://game/salary/salary_mine.gd:195)
SCRIPT ERROR: Parse Error: Identifier "StoryTypes" not declared in the current scope.
   at: GDScript::reload (res://game/salary/salary_mine.gd:227)
SCRIPT ERROR: Parse Error: Could not find type "SalaryStatus" in the current scope.
   at: GDScript::reload (res://game/salary/salary_mine.gd:280)
SCRIPT ERROR: Parse Error: Identifier "SalaryStatus" not declared in the current scope.
   at: GDScript::reload (res://game/salary/salary_mine.gd:280)
SCRIPT ERROR: Parse Error: Identifier "PerkIds" not declared in the current scope.
   at: GDScript::reload (res://game/salary/salary_mine.gd:291)
ERROR: Failed to load script "res://game/salary/salary_mine.gd" with error "Parse error".
   at: load (modules/gdscript/gdscript_resource_format.cpp:46)
ERROR: Failed to instantiate an autoload, script 'res://game/salary/salary_mine.gd' does not inherit from 'Node'.
   at: start (main/main.cpp:4535)
SCRIPT ERROR: Parse Error: Could not find type "MediaPhotoSession" in the current scope.
   at: GDScript::reload (res://game/media/media.gd:16)
SCRIPT ERROR: Parse Error: Could not find type "MediaPhotoSession" in the current scope.
   at: GDScript::reload (res://game/media/media.gd:171)
SCRIPT ERROR: Parse Error: Could not find type "MediaPhotoSession" in the current scope.
   at: GDScript::reload (res://game/media/media.gd:178)
SCRIPT ERROR: Parse Error: Could not find type "MediaPublishResult" in the current scope.
   at: GDScript::reload (res://game/media/media.gd:241)
SCRIPT ERROR: Parse Error: Identifier "DfLog" not declared in the current scope.
   at: GDScript::reload (res://game/media/media.gd:22)
SCRIPT ERROR: Parse Error: Identifier "StoryTypes" not declared in the current scope.
   at: GDScript::reload (res://game/media/media.gd:65)
SCRIPT ERROR: Parse Error: Identifier "MediaContent" not declared in the current scope.
   at: GDScript::reload (res://game/media/media.gd:91)
SCRIPT ERROR: Parse Error: Identifier "MediaContent" not declared in the current scope.
   at: GDScript::reload (res://game/media/media.gd:92)
SCRIPT ERROR: Parse Error: Identifier "MediaContent" not declared in the current scope.
   at: GDScript::reload (res://game/media/media.gd:143)
SCRIPT ERROR: Parse Error: Could not find type "MediaPhotoSession" in the current scope.
   at: GDScript::reload (res://game/media/media.gd:183)
SCRIPT ERROR: Parse Error: Identifier "MediaPhotoSession" not declared in the current scope.
   at: GDScript::reload (res://game/media/media.gd:183)
SCRIPT ERROR: Parse Error: Identifier "MediaContent" not declared in the current scope.
   at: GDScript::reload (res://game/media/media.gd:219)
SCRIPT ERROR: Parse Error: Identifier "MediaContent" not declared in the current scope.
   at: GDScript::reload (res://game/media/media.gd:224)
SCRIPT ERROR: Parse Error: Identifier "MediaContent" not declared in the current scope.
   at: GDScript::reload (res://game/media/media.gd:232)
SCRIPT ERROR: Parse Error: Identifier "MediaContent" not declared in the current scope.
   at: GDScript::reload (res://game/media/media.gd:235)
SCRIPT ERROR: Parse Error: Could not find type "MediaPublishResult" in the current scope.
   at: GDScript::reload (res://game/media/media.gd:242)
SCRIPT ERROR: Parse Error: Identifier "MediaPublishResult" not declared in the current scope.
   at: GDScript::reload (res://game/media/media.gd:242)
SCRIPT ERROR: Parse Error: Identifier "MediaTypes" not declared in the current scope.
   at: GDScript::reload (res://game/media/media.gd:246)
SCRIPT ERROR: Parse Error: Identifier "MediaTypes" not declared in the current scope.
   at: GDScript::reload (res://game/media/media.gd:249)
SCRIPT ERROR: Parse Error: Identifier "MediaTypes" not declared in the current scope.
   at: GDScript::reload (res://game/media/media.gd:252)
SCRIPT ERROR: Parse Error: Identifier "MediaContent" not declared in the current scope.
   at: GDScript::reload (res://game/media/media.gd:254)
SCRIPT ERROR: Parse Error: Identifier "MediaTypes" not declared in the current scope.
   at: GDScript::reload (res://game/media/media.gd:255)
SCRIPT ERROR: Parse Error: Identifier "MediaTypes" not declared in the current scope.
   at: GDScript::reload (res://game/media/media.gd:259)
SCRIPT ERROR: Parse Error: Identifier "MediaTypes" not declared in the current scope.
   at: GDScript::reload (res://game/media/media.gd:262)
SCRIPT ERROR: Parse Error: Identifier "MediaTypes" not declared in the current scope.
   at: GDScript::reload (res://game/media/media.gd:265)
SCRIPT ERROR: Parse Error: Identifier "MediaTypes" not declared in the current scope.
   at: GDScript::reload (res://game/media/media.gd:269)
SCRIPT ERROR: Parse Error: Identifier "MediaContent" not declared in the current scope.
   at: GDScript::reload (res://game/media/media.gd:271)
SCRIPT ERROR: Parse Error: Identifier "MediaTypes" not declared in the current scope.
   at: GDScript::reload (res://game/media/media.gd:273)
SCRIPT ERROR: Parse Error: Identifier "MediaContent" not declared in the current scope.
   at: GDScript::reload (res://game/media/media.gd:277)
SCRIPT ERROR: Parse Error: Identifier "MediaTypes" not declared in the current scope.
   at: GDScript::reload (res://game/media/media.gd:285)
SCRIPT ERROR: Parse Error: Identifier "MediaContent" not declared in the current scope.
   at: GDScript::reload (res://game/media/media.gd:319)
SCRIPT ERROR: Parse Error: Identifier "MediaContent" not declared in the current scope.
   at: GDScript::reload (res://game/media/media.gd:339)
SCRIPT ERROR: Parse Error: Could not find type "GirlDefinition" in the current scope.
   at: GDScript::reload (res://game/media/media.gd:342)
SCRIPT ERROR: Parse Error: Could not find type "GirlDefinition" in the current scope.
   at: GDScript::reload (res://game/media/media.gd:342)
SCRIPT ERROR: Parse Error: Identifier "MediaContent" not declared in the current scope.
   at: GDScript::reload (res://game/media/media.gd:366)
ERROR: Failed to load script "res://game/media/media.gd" with error "Parse error".
   at: load (modules/gdscript/gdscript_resource_format.cpp:46)
ERROR: Failed to instantiate an autoload, script 'res://game/media/media.gd' does not inherit from 'Node'.
   at: start (main/main.cpp:4535)
SCRIPT ERROR: Parse Error: Could not find type "RelationshipDateResult" in the current scope.
   at: GDScript::reload (res://game/dating_overload/dating_overload.gd:73)
SCRIPT ERROR: Parse Error: Could not find type "DatingOverloadTypes" in the current scope.
   at: GDScript::reload (res://game/dating_overload/dating_overload.gd:113)
SCRIPT ERROR: Parse Error: Could not find type "DatingDemandEntry" in the current scope.
   at: GDScript::reload (res://game/dating_overload/dating_overload.gd:169)
SCRIPT ERROR: Parse Error: Could not find type "DatingDemandEntry" in the current scope.
   at: GDScript::reload (res://game/dating_overload/dating_overload.gd:182)
SCRIPT ERROR: Parse Error: Could not find type "DatingOverloadStatus" in the current scope.
   at: GDScript::reload (res://game/dating_overload/dating_overload.gd:293)
SCRIPT ERROR: Parse Error: Identifier "DfLog" not declared in the current scope.
   at: GDScript::reload (res://game/dating_overload/dating_overload.gd:22)
SCRIPT ERROR: Parse Error: Identifier "DatingOverloadTypes" not declared in the current scope.
   at: GDScript::reload (res://game/dating_overload/dating_overload.gd:110)
SCRIPT ERROR: Parse Error: Identifier "DatingOverloadTypes" not declared in the current scope.
   at: GDScript::reload (res://game/dating_overload/dating_overload.gd:117)
SCRIPT ERROR: Parse Error: Identifier "DatingOverloadTypes" not declared in the current scope.
   at: GDScript::reload (res://game/dating_overload/dating_overload.gd:119)
SCRIPT ERROR: Parse Error: Identifier "DatingOverloadTypes" not declared in the current scope.
   at: GDScript::reload (res://game/dating_overload/dating_overload.gd:123)
SCRIPT ERROR: Parse Error: Identifier "DatingOverloadTypes" not declared in the current scope.
   at: GDScript::reload (res://game/dating_overload/dating_overload.gd:124)
SCRIPT ERROR: Parse Error: Could not find type "DatingDemandEntry" in the current scope.
   at: GDScript::reload (res://game/dating_overload/dating_overload.gd:130)
SCRIPT ERROR: Parse Error: Could not find type "DatingDemandEntry" in the current scope.
   at: GDScript::reload (res://game/dating_overload/dating_overload.gd:130)
SCRIPT ERROR: Parse Error: Could not find type "DatingDemandEntry" in the current scope.
   at: GDScript::reload (res://game/dating_overload/dating_overload.gd:139)
SCRIPT ERROR: Parse Error: Could not find type "DatingDemandEntry" in the current scope.
   at: GDScript::reload (res://game/dating_overload/dating_overload.gd:139)
SCRIPT ERROR: Parse Error: Identifier "DatingOverloadTypes" not declared in the current scope.
   at: GDScript::reload (res://game/dating_overload/dating_overload.gd:140)
SCRIPT ERROR: Parse Error: Could not find type "DatingDemandEntry" in the current scope.
   at: GDScript::reload (res://game/dating_overload/dating_overload.gd:148)
SCRIPT ERROR: Parse Error: Could not find type "DatingDemandEntry" in the current scope.
   at: GDScript::reload (res://game/dating_overload/dating_overload.gd:148)
SCRIPT ERROR: Parse Error: Identifier "DatingOverloadTypes" not declared in the current scope.
   at: GDScript::reload (res://game/dating_overload/dating_overload.gd:149)
SCRIPT ERROR: Parse Error: Could not find type "DatingDemandEntry" in the current scope.
   at: GDScript::reload (res://game/dating_overload/dating_overload.gd:163)
SCRIPT ERROR: Parse Error: Could not find type "DatingDemandEntry" in the current scope.
   at: GDScript::reload (res://game/dating_overload/dating_overload.gd:163)
SCRIPT ERROR: Parse Error: Could not find type "DatingDemandEntry" in the current scope.
   at: GDScript::reload (res://game/dating_overload/dating_overload.gd:170)
SCRIPT ERROR: Parse Error: Could not find type "DatingDemandEntry" in the current scope.
   at: GDScript::reload (res://game/dating_overload/dating_overload.gd:176)
SCRIPT ERROR: Parse Error: Could not find type "DatingDemandEntry" in the current scope.
   at: GDScript::reload (res://game/dating_overload/dating_overload.gd:176)
SCRIPT ERROR: Parse Error: Could not find type "DatingDemandEntry" in the current scope.
   at: GDScript::reload (res://game/dating_overload/dating_overload.gd:183)
SCRIPT ERROR: Parse Error: Could not find type "DatingDemandEntry" in the current scope.
   at: GDScript::reload (res://game/dating_overload/dating_overload.gd:184)
SCRIPT ERROR: Parse Error: Could not find type "DatingDemandEntry" in the current scope.
   at: GDScript::reload (res://game/dating_overload/dating_overload.gd:185)
SCRIPT ERROR: Parse Error: Could not find type "DatingDemandEntry" in the current scope.
   at: GDScript::reload (res://game/dating_overload/dating_overload.gd:191)
SCRIPT ERROR: Parse Error: Could not find type "DatingDemandEntry" in the current scope.
   at: GDScript::reload (res://game/dating_overload/dating_overload.gd:191)
SCRIPT ERROR: Parse Error: Identifier "DatingOverloadTypes" not declared in the current scope.
   at: GDScript::reload (res://game/dating_overload/dating_overload.gd:194)
SCRIPT ERROR: Parse Error: Identifier "DatingOverloadTypes" not declared in the current scope.
   at: GDScript::reload (res://game/dating_overload/dating_overload.gd:196)
SCRIPT ERROR: Parse Error: Identifier "DatingOverloadTypes" not declared in the current scope.
   at: GDScript::reload (res://game/dating_overload/dating_overload.gd:198)
SCRIPT ERROR: Parse Error: Identifier "DatingOverloadTypes" not declared in the current scope.
   at: GDScript::reload (res://game/dating_overload/dating_overload.gd:200)
SCRIPT ERROR: Parse Error: Identifier "DatingOverloadTypes" not declared in the current scope.
   at: GDScript::reload (res://game/dating_overload/dating_overload.gd:202)
SCRIPT ERROR: Parse Error: Could not find type "DatingDemandEntry" in the current scope.
   at: GDScript::reload (res://game/dating_overload/dating_overload.gd:206)
SCRIPT ERROR: Parse Error: Could not find type "DatingDemandEntry" in the current scope.
   at: GDScript::reload (res://game/dating_overload/dating_overload.gd:206)
SCRIPT ERROR: Parse Error: Could not find type "DatingDemandEntry" in the current scope.
   at: GDScript::reload (res://game/dating_overload/dating_overload.gd:209)
SCRIPT ERROR: Parse Error: Could not find type "DatingDemandEntry" in the current scope.
   at: GDScript::reload (res://game/dating_overload/dating_overload.gd:209)
SCRIPT ERROR: Parse Error: Could not find type "DatingDemandEntry" in the current scope.
   at: GDScript::reload (res://game/dating_overload/dating_overload.gd:212)
SCRIPT ERROR: Parse Error: Could not find type "DatingDemandEntry" in the current scope.
   at: GDScript::reload (res://game/dating_overload/dating_overload.gd:212)
SCRIPT ERROR: Parse Error: Could not find type "DatingDemandEntry" in the current scope.
   at: GDScript::reload (res://game/dating_overload/dating_overload.gd:215)
SCRIPT ERROR: Parse Error: Identifier "DatingOverloadTypes" not declared in the current scope.
   at: GDScript::reload (res://game/dating_overload/dating_overload.gd:247)
SCRIPT ERROR: Parse Error: Could not find type "DatingDemandEntry" in the current scope.
   at: GDScript::reload (res://game/dating_overload/dating_overload.gd:262)
SCRIPT ERROR: Parse Error: Could not find type "DatingDemandEntry" in the current scope.
   at: GDScript::reload (res://game/dating_overload/dating_overload.gd:263)
SCRIPT ERROR: Parse Error: Could not find type "DatingDemandEntry" in the current scope.
   at: GDScript::reload (res://game/dating_overload/dating_overload.gd:265)
SCRIPT ERROR: Parse Error: Could not find type "DatingDemandEntry" in the current scope.
   at: GDScript::reload (res://game/dating_overload/dating_overload.gd:265)
SCRIPT ERROR: Parse Error: Identifier "DatingOverloadTypes" not declared in the current scope.
   at: GDScript::reload (res://game/dating_overload/dating_overload.gd:268)
SCRIPT ERROR: Parse Error: Identifier "DatingOverloadTypes" not declared in the current scope.
   at: GDScript::reload (res://game/dating_overload/dating_overload.gd:270)
SCRIPT ERROR: Parse Error: Could not find type "DatingDemandEntry" in the current scope.
   at: GDScript::reload (res://game/dating_overload/dating_overload.gd:272)
SCRIPT ERROR: Parse Error: Could not find type "DatingDemandEntry" in the current scope.
   at: GDScript::reload (res://game/dating_overload/dating_overload.gd:272)
SCRIPT ERROR: Parse Error: Could not find type "DatingDemandEntry" in the current scope.
   at: GDScript::reload (res://game/dating_overload/dating_overload.gd:275)
SCRIPT ERROR: Parse Error: Could not find type "DatingDemandEntry" in the current scope.
   at: GDScript::reload (res://game/dating_overload/dating_overload.gd:275)
SCRIPT ERROR: Parse Error: Could not find type "DatingDemandEntry" in the current scope.
   at: GDScript::reload (res://game/dating_overload/dating_overload.gd:278)
SCRIPT ERROR: Parse Error: Could not find type "DatingOverloadStatus" in the current scope.
   at: GDScript::reload (res://game/dating_overload/dating_overload.gd:294)
SCRIPT ERROR: Parse Error: Identifier "DatingOverloadStatus" not declared in the current scope.
   at: GDScript::reload (res://game/dating_overload/dating_overload.gd:294)
SCRIPT ERROR: Parse Error: Identifier "DatingOverloadTypes" not declared in the current scope.
   at: GDScript::reload (res://game/dating_overload/dating_overload.gd:303)
SCRIPT ERROR: Parse Error: Identifier "GameTypes" not declared in the current scope.
   at: GDScript::reload (res://game/dating_overload/dating_overload.gd:332)
SCRIPT ERROR: Parse Error: Identifier "DatingOverloadTypes" not declared in the current scope.
   at: GDScript::reload (res://game/dating_overload/dating_overload.gd:341)
SCRIPT ERROR: Parse Error: Identifier "DatingOverloadTypes" not declared in the current scope.
   at: GDScript::reload (res://game/dating_overload/dating_overload.gd:343)
SCRIPT ERROR: Parse Error: Identifier "DatingOverloadTypes" not declared in the current scope.
   at: GDScript::reload (res://game/dating_overload/dating_overload.gd:344)
SCRIPT ERROR: Parse Error: Identifier "DatingOverloadTypes" not declared in the current scope.
   at: GDScript::reload (res://game/dating_overload/dating_overload.gd:345)
SCRIPT ERROR: Parse Error: Identifier "DatingOverloadTypes" not declared in the current scope.
   at: GDScript::reload (res://game/dating_overload/dating_overload.gd:361)
SCRIPT ERROR: Parse Error: Identifier "DatingOverloadTypes" not declared in the current scope.
   at: GDScript::reload (res://game/dating_overload/dating_overload.gd:363)
SCRIPT ERROR: Parse Error: Identifier "DatingOverloadTypes" not declared in the current scope.
   at: GDScript::reload (res://game/dating_overload/dating_overload.gd:364)
SCRIPT ERROR: Parse Error: Identifier "DatingOverloadTypes" not declared in the current scope.
   at: GDScript::reload (res://game/dating_overload/dating_overload.gd:365)
SCRIPT ERROR: Parse Error: Identifier "DatingOverloadTypes" not declared in the current scope.
   at: GDScript::reload (res://game/dating_overload/dating_overload.gd:370)
SCRIPT ERROR: Parse Error: Identifier "DatingOverloadTypes" not declared in the current scope.
   at: GDScript::reload (res://game/dating_overload/dating_overload.gd:372)
SCRIPT ERROR: Parse Error: Identifier "DatingOverloadTypes" not declared in the current scope.
   at: GDScript::reload (res://game/dating_overload/dating_overload.gd:373)
SCRIPT ERROR: Parse Error: Could not find type "DatingOverloadTypes" in the current scope.
   at: GDScript::reload (res://game/dating_overload/dating_overload.gd:399)
SCRIPT ERROR: Parse Error: Identifier "DatingOverloadTypes" not declared in the current scope.
   at: GDScript::reload (res://game/dating_overload/dating_overload.gd:399)
SCRIPT ERROR: Parse Error: Could not find type "DatingOverloadTypes" in the current scope.
   at: GDScript::reload (res://game/dating_overload/dating_overload.gd:401)
SCRIPT ERROR: Parse Error: Could not find type "DatingDemandEntry" in the current scope.
   at: GDScript::reload (res://game/dating_overload/dating_overload.gd:402)
SCRIPT ERROR: Parse Error: Identifier "DatingDemandEntry" not declared in the current scope.
   at: GDScript::reload (res://game/dating_overload/dating_overload.gd:402)
SCRIPT ERROR: Parse Error: Identifier "DatingOverloadTypes" not declared in the current scope.
   at: GDScript::reload (res://game/dating_overload/dating_overload.gd:408)
SCRIPT ERROR: Parse Error: Could not find type "DatingDemandEntry" in the current scope.
   at: GDScript::reload (res://game/dating_overload/dating_overload.gd:424)
SCRIPT ERROR: Parse Error: Could not find type "DatingDemandEntry" in the current scope.
   at: GDScript::reload (res://game/dating_overload/dating_overload.gd:424)
SCRIPT ERROR: Parse Error: Identifier "DatingOverloadTypes" not declared in the current scope.
   at: GDScript::reload (res://game/dating_overload/dating_overload.gd:427)
SCRIPT ERROR: Parse Error: Identifier "DatingOverloadTypes" not declared in the current scope.
   at: GDScript::reload (res://game/dating_overload/dating_overload.gd:430)
SCRIPT ERROR: Parse Error: Could not find type "DatingDemandEntry" in the current scope.
   at: GDScript::reload (res://game/dating_overload/dating_overload.gd:440)
SCRIPT ERROR: Parse Error: Could not find type "DatingDemandEntry" in the current scope.
   at: GDScript::reload (res://game/dating_overload/dating_overload.gd:441)
SCRIPT ERROR: Parse Error: Could not find type "DatingDemandEntry" in the current scope.
   at: GDScript::reload (res://game/dating_overload/dating_overload.gd:443)
SCRIPT ERROR: Parse Error: Could not find type "DatingDemandEntry" in the current scope.
   at: GDScript::reload (res://game/dating_overload/dating_overload.gd:443)
SCRIPT ERROR: Parse Error: Identifier "DatingOverloadTypes" not declared in the current scope.
   at: GDScript::reload (res://game/dating_overload/dating_overload.gd:446)
SCRIPT ERROR: Parse Error: Identifier "DatingOverloadTypes" not declared in the current scope.
   at: GDScript::reload (res://game/dating_overload/dating_overload.gd:448)
SCRIPT ERROR: Parse Error: Could not find type "DatingDemandEntry" in the current scope.
   at: GDScript::reload (res://game/dating_overload/dating_overload.gd:450)
SCRIPT ERROR: Parse Error: Could not find type "DatingDemandEntry" in the current scope.
   at: GDScript::reload (res://game/dating_overload/dating_overload.gd:450)
SCRIPT ERROR: Parse Error: Could not find type "DatingDemandEntry" in the current scope.
   at: GDScript::reload (res://game/dating_overload/dating_overload.gd:453)
SCRIPT ERROR: Parse Error: Could not find type "DatingDemandEntry" in the current scope.
   at: GDScript::reload (res://game/dating_overload/dating_overload.gd:453)
SCRIPT ERROR: Parse Error: Could not find type "DatingDemandEntry" in the current scope.
   at: GDScript::reload (res://game/dating_overload/dating_overload.gd:456)
SCRIPT ERROR: Parse Error: Identifier "DatingOverloadTypes" not declared in the current scope.
   at: GDScript::reload (res://game/dating_overload/dating_overload.gd:479)
SCRIPT ERROR: Parse Error: Identifier "DatingOverloadTypes" not declared in the current scope.
   at: GDScript::reload (res://game/dating_overload/dating_overload.gd:481)
SCRIPT ERROR: Parse Error: Identifier "DatingOverloadTypes" not declared in the current scope.
   at: GDScript::reload (res://game/dating_overload/dating_overload.gd:483)
SCRIPT ERROR: Parse Error: Identifier "DatingOverloadTypes" not declared in the current scope.
   at: GDScript::reload (res://game/dating_overload/dating_overload.gd:486)
ERROR: Failed to load script "res://game/dating_overload/dating_overload.gd" with error "Parse error".
   at: load (modules/gdscript/gdscript_resource_format.cpp:46)
ERROR: Failed to instantiate an autoload, script 'res://game/dating_overload/dating_overload.gd' does not inherit from 'Node'.
   at: start (main/main.cpp:4535)
SCRIPT ERROR: Parse Error: Could not find type "FirstCloneTypes" in the current scope.
   at: GDScript::reload (res://game/first_clone/first_clone.gd:9)
SCRIPT ERROR: Parse Error: Could not find type "FirstCloneTypes" in the current scope.
   at: GDScript::reload (res://game/first_clone/first_clone.gd:15)
SCRIPT ERROR: Parse Error: Identifier "FirstCloneTypes" not declared in the current scope.
   at: GDScript::reload (res://game/first_clone/first_clone.gd:15)
SCRIPT ERROR: Parse Error: Could not find type "CloneCalibrationMinigame" in the current scope.
   at: GDScript::reload (res://game/first_clone/first_clone.gd:16)
SCRIPT ERROR: Parse Error: Could not find type "FirstCloneActor" in the current scope.
   at: GDScript::reload (res://game/first_clone/first_clone.gd:17)
SCRIPT ERROR: Parse Error: Could not find type "FirstCloneActor" in the current scope.
   at: GDScript::reload (res://game/first_clone/first_clone.gd:18)
SCRIPT ERROR: Parse Error: Could not find type "FirstCloneActor" in the current scope.
   at: GDScript::reload (res://game/first_clone/first_clone.gd:47)
SCRIPT ERROR: Parse Error: Could not find type "FirstCloneActor" in the current scope.
   at: GDScript::reload (res://game/first_clone/first_clone.gd:51)
SCRIPT ERROR: Parse Error: Could not find type "FirstCloneTypes" in the current scope.
   at: GDScript::reload (res://game/first_clone/first_clone.gd:55)
SCRIPT ERROR: Parse Error: Could not find type "FirstCloneTypes" in the current scope.
   at: GDScript::reload (res://game/first_clone/first_clone.gd:59)
SCRIPT ERROR: Parse Error: Could not find type "FirstCloneStatus" in the current scope.
   at: GDScript::reload (res://game/first_clone/first_clone.gd:94)
SCRIPT ERROR: Parse Error: Could not find type "FirstCloneTypes" in the current scope.
   at: GDScript::reload (res://game/first_clone/first_clone.gd:339)
SCRIPT ERROR: Parse Error: Could not find type "FirstCloneTypes" in the current scope.
   at: GDScript::reload (res://game/first_clone/first_clone.gd:370)
SCRIPT ERROR: Parse Error: Identifier "DfLog" not declared in the current scope.
   at: GDScript::reload (res://game/first_clone/first_clone.gd:28)
SCRIPT ERROR: Parse Error: Identifier "FirstCloneTypes" not declared in the current scope.
   at: GDScript::reload (res://game/first_clone/first_clone.gd:62)
SCRIPT ERROR: Parse Error: Identifier "FirstCloneTypes" not declared in the current scope.
   at: GDScript::reload (res://game/first_clone/first_clone.gd:65)
SCRIPT ERROR: Parse Error: Identifier "FirstCloneTypes" not declared in the current scope.
   at: GDScript::reload (res://game/first_clone/first_clone.gd:67)
SCRIPT ERROR: Parse Error: Identifier "FirstCloneTypes" not declared in the current scope.
   at: GDScript::reload (res://game/first_clone/first_clone.gd:68)
SCRIPT ERROR: Parse Error: Identifier "FirstCloneTypes" not declared in the current scope.
   at: GDScript::reload (res://game/first_clone/first_clone.gd:69)
SCRIPT ERROR: Parse Error: Identifier "FirstCloneTypes" not declared in the current scope.
   at: GDScript::reload (res://game/first_clone/first_clone.gd:72)
SCRIPT ERROR: Parse Error: Identifier "StoryTypes" not declared in the current scope.
   at: GDScript::reload (res://game/first_clone/first_clone.gd:73)
SCRIPT ERROR: Parse Error: Identifier "FirstCloneTypes" not declared in the current scope.
   at: GDScript::reload (res://game/first_clone/first_clone.gd:74)
SCRIPT ERROR: Parse Error: Identifier "FirstCloneTypes" not declared in the current scope.
   at: GDScript::reload (res://game/first_clone/first_clone.gd:76)
SCRIPT ERROR: Parse Error: Identifier "FirstCloneTypes" not declared in the current scope.
   at: GDScript::reload (res://game/first_clone/first_clone.gd:78)
SCRIPT ERROR: Parse Error: Identifier "FirstCloneTypes" not declared in the current scope.
   at: GDScript::reload (res://game/first_clone/first_clone.gd:81)
SCRIPT ERROR: Parse Error: Identifier "FirstCloneTypes" not declared in the current scope.
   at: GDScript::reload (res://game/first_clone/first_clone.gd:85)
SCRIPT ERROR: Parse Error: Identifier "FirstCloneTypes" not declared in the current scope.
   at: GDScript::reload (res://game/first_clone/first_clone.gd:86)
SCRIPT ERROR: Parse Error: Identifier "FirstCloneTypes" not declared in the current scope.
   at: GDScript::reload (res://game/first_clone/first_clone.gd:87)
SCRIPT ERROR: Parse Error: Identifier "FirstCloneTypes" not declared in the current scope.
   at: GDScript::reload (res://game/first_clone/first_clone.gd:91)
SCRIPT ERROR: Parse Error: Could not find type "FirstCloneStatus" in the current scope.
   at: GDScript::reload (res://game/first_clone/first_clone.gd:95)
SCRIPT ERROR: Parse Error: Identifier "FirstCloneStatus" not declared in the current scope.
   at: GDScript::reload (res://game/first_clone/first_clone.gd:95)
SCRIPT ERROR: Parse Error: Identifier "FirstCloneTypes" not declared in the current scope.
   at: GDScript::reload (res://game/first_clone/first_clone.gd:103)
SCRIPT ERROR: Parse Error: Identifier "FirstCloneTypes" not declared in the current scope.
   at: GDScript::reload (res://game/first_clone/first_clone.gd:106)
SCRIPT ERROR: Parse Error: Identifier "FirstCloneTypes" not declared in the current scope.
   at: GDScript::reload (res://game/first_clone/first_clone.gd:108)
SCRIPT ERROR: Parse Error: Identifier "FirstCloneTypes" not declared in the current scope.
   at: GDScript::reload (res://game/first_clone/first_clone.gd:112)
SCRIPT ERROR: Parse Error: Identifier "FirstCloneTypes" not declared in the current scope.
   at: GDScript::reload (res://game/first_clone/first_clone.gd:124)
SCRIPT ERROR: Parse Error: Identifier "CloneCalibrationMinigame" not declared in the current scope.
   at: GDScript::reload (res://game/first_clone/first_clone.gd:127)
SCRIPT ERROR: Parse Error: Identifier "FirstCloneTypes" not declared in the current scope.
   at: GDScript::reload (res://game/first_clone/first_clone.gd:156)
SCRIPT ERROR: Parse Error: Identifier "FirstCloneTypes" not declared in the current scope.
   at: GDScript::reload (res://game/first_clone/first_clone.gd:160)
SCRIPT ERROR: Parse Error: Identifier "FirstCloneTypes" not declared in the current scope.
   at: GDScript::reload (res://game/first_clone/first_clone.gd:192)
SCRIPT ERROR: Parse Error: Identifier "FirstCloneTypes" not declared in the current scope.
   at: GDScript::reload (res://game/first_clone/first_clone.gd:195)
SCRIPT ERROR: Parse Error: Identifier "FirstCloneTypes" not declared in the current scope.
   at: GDScript::reload (res://game/first_clone/first_clone.gd:197)
SCRIPT ERROR: Parse Error: Identifier "FirstCloneTypes" not declared in the current scope.
   at: GDScript::reload (res://game/first_clone/first_clone.gd:199)
SCRIPT ERROR: Parse Error: Identifier "FirstCloneTypes" not declared in the current scope.
   at: GDScript::reload (res://game/first_clone/first_clone.gd:201)
SCRIPT ERROR: Parse Error: Identifier "FirstCloneActor" not declared in the current scope.
   at: GDScript::reload (res://game/first_clone/first_clone.gd:207)
SCRIPT ERROR: Parse Error: Identifier "FirstCloneActor" not declared in the current scope.
   at: GDScript::reload (res://game/first_clone/first_clone.gd:218)
SCRIPT ERROR: Parse Error: Identifier "FirstCloneTypes" not declared in the current scope.
   at: GDScript::reload (res://game/first_clone/first_clone.gd:249)
SCRIPT ERROR: Parse Error: Identifier "FirstCloneTypes" not declared in the current scope.
   at: GDScript::reload (res://game/first_clone/first_clone.gd:260)
SCRIPT ERROR: Parse Error: Identifier "FirstCloneTypes" not declared in the current scope.
   at: GDScript::reload (res://game/first_clone/first_clone.gd:286)
SCRIPT ERROR: Parse Error: Identifier "FirstCloneTypes" not declared in the current scope.
   at: GDScript::reload (res://game/first_clone/first_clone.gd:306)
SCRIPT ERROR: Parse Error: Identifier "FirstCloneTypes" not declared in the current scope.
   at: GDScript::reload (res://game/first_clone/first_clone.gd:321)
SCRIPT ERROR: Parse Error: Identifier "FirstCloneActor" not declared in the current scope.
   at: GDScript::reload (res://game/first_clone/first_clone.gd:324)
SCRIPT ERROR: Parse Error: Identifier "AudioIds" not declared in the current scope.
   at: GDScript::reload (res://game/first_clone/first_clone.gd:331)
SCRIPT ERROR: Parse Error: Identifier "PresentationCamera" not declared in the current scope.
   at: GDScript::reload (res://game/first_clone/first_clone.gd:332)
SCRIPT ERROR: Parse Error: Identifier "ScreenFlash" not declared in the current scope.
   at: GDScript::reload (res://game/first_clone/first_clone.gd:333)
SCRIPT ERROR: Parse Error: Identifier "FirstCloneTypes" not declared in the current scope.
   at: GDScript::reload (res://game/first_clone/first_clone.gd:344)
SCRIPT ERROR: Parse Error: Identifier "FirstCloneTypes" not declared in the current scope.
   at: GDScript::reload (res://game/first_clone/first_clone.gd:344)
SCRIPT ERROR: Parse Error: Identifier "FirstCloneTypes" not declared in the current scope.
   at: GDScript::reload (res://game/first_clone/first_clone.gd:352)
SCRIPT ERROR: Parse Error: Identifier "FirstCloneTypes" not declared in the current scope.
   at: GDScript::reload (res://game/first_clone/first_clone.gd:353)
SCRIPT ERROR: Parse Error: Identifier "AudioIds" not declared in the current scope.
   at: GDScript::reload (res://game/first_clone/first_clone.gd:361)
SCRIPT ERROR: Parse Error: Identifier "FirstCloneTypes" not declared in the current scope.
   at: GDScript::reload (res://game/first_clone/first_clone.gd:376)
SCRIPT ERROR: Parse Error: Identifier "FirstCloneTypes" not declared in the current scope.
   at: GDScript::reload (res://game/first_clone/first_clone.gd:377)
SCRIPT ERROR: Parse Error: Identifier "FirstCloneTypes" not declared in the current scope.
   at: GDScript::reload (res://game/first_clone/first_clone.gd:378)
SCRIPT ERROR: Parse Error: Could not find type "FirstCloneActor" in the current scope.
   at: GDScript::reload (res://game/first_clone/first_clone.gd:380)
SCRIPT ERROR: Parse Error: Identifier "FirstCloneActor" not declared in the current scope.
   at: GDScript::reload (res://game/first_clone/first_clone.gd:382)
SCRIPT ERROR: Parse Error: Identifier "FirstCloneTypes" not declared in the current scope.
   at: GDScript::reload (res://game/first_clone/first_clone.gd:396)
SCRIPT ERROR: Parse Error: Identifier "FirstCloneTypes" not declared in the current scope.
   at: GDScript::reload (res://game/first_clone/first_clone.gd:424)
SCRIPT ERROR: Parse Error: Identifier "FirstCloneTypes" not declared in the current scope.
   at: GDScript::reload (res://game/first_clone/first_clone.gd:429)
SCRIPT ERROR: Parse Error: Identifier "FirstCloneTypes" not declared in the current scope.
   at: GDScript::reload (res://game/first_clone/first_clone.gd:433)
SCRIPT ERROR: Parse Error: Identifier "FirstCloneTypes" not declared in the current scope.
   at: GDScript::reload (res://game/first_clone/first_clone.gd:439)
ERROR: Failed to load script "res://game/first_clone/first_clone.gd" with error "Parse error".
   at: load (modules/gdscript/gdscript_resource_format.cpp:46)
ERROR: Failed to instantiate an autoload, script 'res://game/first_clone/first_clone.gd' does not inherit from 'Node'.
   at: start (main/main.cpp:4535)
SCRIPT ERROR: Parse Error: Could not find type "CloneIncrementalStatus" in the current scope.
   at: GDScript::reload (res://game/clone_incremental/clone_incremental.gd:98)
SCRIPT ERROR: Parse Error: Could not find type "CloneIncrementalStatus" in the current scope.
   at: GDScript::reload (res://game/clone_incremental/clone_incremental.gd:102)
SCRIPT ERROR: Parse Error: Could not find type "CloneUpgradePurchaseResult" in the current scope.
   at: GDScript::reload (res://game/clone_incremental/clone_incremental.gd:390)
SCRIPT ERROR: Parse Error: Identifier "DfLog" not declared in the current scope.
   at: GDScript::reload (res://game/clone_incremental/clone_incremental.gd:25)
SCRIPT ERROR: Parse Error: Identifier "CloneIncrementalTypes" not declared in the current scope.
   at: GDScript::reload (res://game/clone_incremental/clone_incremental.gd:82)
SCRIPT ERROR: Parse Error: Identifier "CloneIncrementalTypes" not declared in the current scope.
   at: GDScript::reload (res://game/clone_incremental/clone_incremental.gd:84)
SCRIPT ERROR: Parse Error: Identifier "LateGameTypes" not declared in the current scope.
   at: GDScript::reload (res://game/clone_incremental/clone_incremental.gd:88)
SCRIPT ERROR: Parse Error: Could not find type "CloneIncrementalStatus" in the current scope.
   at: GDScript::reload (res://game/clone_incremental/clone_incremental.gd:103)
SCRIPT ERROR: Parse Error: Identifier "CloneIncrementalStatus" not declared in the current scope.
   at: GDScript::reload (res://game/clone_incremental/clone_incremental.gd:103)
SCRIPT ERROR: Parse Error: Identifier "CloneIncrementalTypes" not declared in the current scope.
   at: GDScript::reload (res://game/clone_incremental/clone_incremental.gd:147)
SCRIPT ERROR: Parse Error: Identifier "CloneIncrementalTypes" not declared in the current scope.
   at: GDScript::reload (res://game/clone_incremental/clone_incremental.gd:152)
SCRIPT ERROR: Parse Error: Identifier "CloneIncrementalTypes" not declared in the current scope.
   at: GDScript::reload (res://game/clone_incremental/clone_incremental.gd:387)
SCRIPT ERROR: Parse Error: Could not find type "CloneUpgradePurchaseResult" in the current scope.
   at: GDScript::reload (res://game/clone_incremental/clone_incremental.gd:391)
SCRIPT ERROR: Parse Error: Identifier "CloneUpgradePurchaseResult" not declared in the current scope.
   at: GDScript::reload (res://game/clone_incremental/clone_incremental.gd:391)
SCRIPT ERROR: Parse Error: Could not find type "CloneIncrementalTypes" in the current scope.
   at: GDScript::reload (res://game/clone_incremental/clone_incremental.gd:392)
SCRIPT ERROR: Parse Error: Identifier "CloneIncrementalTypes" not declared in the current scope.
   at: GDScript::reload (res://game/clone_incremental/clone_incremental.gd:395)
SCRIPT ERROR: Parse Error: Identifier "CloneIncrementalTypes" not declared in the current scope.
   at: GDScript::reload (res://game/clone_incremental/clone_incremental.gd:398)
SCRIPT ERROR: Parse Error: Identifier "CloneIncrementalTypes" not declared in the current scope.
   at: GDScript::reload (res://game/clone_incremental/clone_incremental.gd:401)
SCRIPT ERROR: Parse Error: Identifier "CloneIncrementalTypes" not declared in the current scope.
   at: GDScript::reload (res://game/clone_incremental/clone_incremental.gd:402)
SCRIPT ERROR: Parse Error: Identifier "CloneIncrementalTypes" not declared in the current scope.
   at: GDScript::reload (res://game/clone_incremental/clone_incremental.gd:403)
SCRIPT ERROR: Parse Error: Identifier "CloneIncrementalTypes" not declared in the current scope.
   at: GDScript::reload (res://game/clone_incremental/clone_incremental.gd:405)
SCRIPT ERROR: Parse Error: Identifier "CloneIncrementalTypes" not declared in the current scope.
   at: GDScript::reload (res://game/clone_incremental/clone_incremental.gd:408)
SCRIPT ERROR: Parse Error: Identifier "CloneIncrementalTypes" not declared in the current scope.
   at: GDScript::reload (res://game/clone_incremental/clone_incremental.gd:409)
SCRIPT ERROR: Parse Error: Identifier "CloneIncrementalTypes" not declared in the current scope.
   at: GDScript::reload (res://game/clone_incremental/clone_incremental.gd:412)
SCRIPT ERROR: Parse Error: Identifier "CloneIncrementalTypes" not declared in the current scope.
   at: GDScript::reload (res://game/clone_incremental/clone_incremental.gd:414)
SCRIPT ERROR: Parse Error: Identifier "CloneIncrementalTypes" not declared in the current scope.
   at: GDScript::reload (res://game/clone_incremental/clone_incremental.gd:418)
SCRIPT ERROR: Parse Error: Identifier "CloneIncrementalTypes" not declared in the current scope.
   at: GDScript::reload (res://game/clone_incremental/clone_incremental.gd:422)
SCRIPT ERROR: Parse Error: Identifier "CloneIncrementalTypes" not declared in the current scope.
   at: GDScript::reload (res://game/clone_incremental/clone_incremental.gd:430)
SCRIPT ERROR: Parse Error: Identifier "CloneIncrementalTypes" not declared in the current scope.
   at: GDScript::reload (res://game/clone_incremental/clone_incremental.gd:434)
SCRIPT ERROR: Parse Error: Identifier "CloneIncrementalTypes" not declared in the current scope.
   at: GDScript::reload (res://game/clone_incremental/clone_incremental.gd:438)
SCRIPT ERROR: Parse Error: Identifier "CloneIncrementalTypes" not declared in the current scope.
   at: GDScript::reload (res://game/clone_incremental/clone_incremental.gd:477)
SCRIPT ERROR: Parse Error: Expression in match pattern must be a constant expression, an identifier, or an attribute access ("A.B").
   at: GDScript::reload (res://game/clone_incremental/clone_incremental.gd:477)
SCRIPT ERROR: Parse Error: Identifier "CloneIncrementalTypes" not declared in the current scope.
   at: GDScript::reload (res://game/clone_incremental/clone_incremental.gd:479)
SCRIPT ERROR: Parse Error: Expression in match pattern must be a constant expression, an identifier, or an attribute access ("A.B").
   at: GDScript::reload (res://game/clone_incremental/clone_incremental.gd:479)
SCRIPT ERROR: Parse Error: Identifier "CloneIncrementalTypes" not declared in the current scope.
   at: GDScript::reload (res://game/clone_incremental/clone_incremental.gd:481)
SCRIPT ERROR: Parse Error: Expression in match pattern must be a constant expression, an identifier, or an attribute access ("A.B").
   at: GDScript::reload (res://game/clone_incremental/clone_incremental.gd:481)
SCRIPT ERROR: Parse Error: Identifier "CloneIncrementalTypes" not declared in the current scope.
   at: GDScript::reload (res://game/clone_incremental/clone_incremental.gd:488)
SCRIPT ERROR: Parse Error: Expression in match pattern must be a constant expression, an identifier, or an attribute access ("A.B").
   at: GDScript::reload (res://game/clone_incremental/clone_incremental.gd:488)
SCRIPT ERROR: Parse Error: Identifier "CloneIncrementalTypes" not declared in the current scope.
   at: GDScript::reload (res://game/clone_incremental/clone_incremental.gd:490)
SCRIPT ERROR: Parse Error: Expression in match pattern must be a constant expression, an identifier, or an attribute access ("A.B").
   at: GDScript::reload (res://game/clone_incremental/clone_incremental.gd:490)
SCRIPT ERROR: Parse Error: Identifier "CloneIncrementalTypes" not declared in the current scope.
   at: GDScript::reload (res://game/clone_incremental/clone_incremental.gd:492)
SCRIPT ERROR: Parse Error: Expression in match pattern must be a constant expression, an identifier, or an attribute access ("A.B").
   at: GDScript::reload (res://game/clone_incremental/clone_incremental.gd:492)
ERROR: Failed to load script "res://game/clone_incremental/clone_incremental.gd" with error "Parse error".
   at: load (modules/gdscript/gdscript_resource_format.cpp:46)
ERROR: Failed to instantiate an autoload, script 'res://game/clone_incremental/clone_incremental.gd' does not inherit from 'Node'.
   at: start (main/main.cpp:4535)
SCRIPT ERROR: Parse Error: Could not find type "GlobalUpgradePurchaseResult" in the current scope.
   at: GDScript::reload (res://game/late_game/late_game_expansion.gd:143)
SCRIPT ERROR: Parse Error: Could not find type "LateGameStatus" in the current scope.
   at: GDScript::reload (res://game/late_game/late_game_expansion.gd:194)
SCRIPT ERROR: Parse Error: Could not find type "LateGameStatus" in the current scope.
   at: GDScript::reload (res://game/late_game/late_game_expansion.gd:198)
SCRIPT ERROR: Parse Error: Could not find type "GameTypes" in the current scope.
   at: GDScript::reload (res://game/late_game/late_game_expansion.gd:300)
SCRIPT ERROR: Parse Error: Identifier "DfLog" not declared in the current scope.
   at: GDScript::reload (res://game/late_game/late_game_expansion.gd:17)
SCRIPT ERROR: Parse Error: Identifier "StoryIds" not declared in the current scope.
   at: GDScript::reload (res://game/late_game/late_game_expansion.gd:48)
SCRIPT ERROR: Parse Error: Identifier "LateGameTypes" not declared in the current scope.
   at: GDScript::reload (res://game/late_game/late_game_expansion.gd:51)
SCRIPT ERROR: Parse Error: Identifier "GameTypes" not declared in the current scope.
   at: GDScript::reload (res://game/late_game/late_game_expansion.gd:53)
SCRIPT ERROR: Parse Error: Identifier "LateGameTypes" not declared in the current scope.
   at: GDScript::reload (res://game/late_game/late_game_expansion.gd:67)
SCRIPT ERROR: Parse Error: Identifier "LateGameTypes" not declared in the current scope.
   at: GDScript::reload (res://game/late_game/late_game_expansion.gd:71)
SCRIPT ERROR: Parse Error: Identifier "GameTypes" not declared in the current scope.
   at: GDScript::reload (res://game/late_game/late_game_expansion.gd:76)
SCRIPT ERROR: Parse Error: Identifier "GameTypes" not declared in the current scope.
   at: GDScript::reload (res://game/late_game/late_game_expansion.gd:80)
SCRIPT ERROR: Parse Error: Identifier "LateGameTypes" not declared in the current scope.
   at: GDScript::reload (res://game/late_game/late_game_expansion.gd:104)
SCRIPT ERROR: Parse Error: Identifier "LateGameTypes" not declared in the current scope.
   at: GDScript::reload (res://game/late_game/late_game_expansion.gd:108)
SCRIPT ERROR: Parse Error: Identifier "LateGameTypes" not declared in the current scope.
   at: GDScript::reload (res://game/late_game/late_game_expansion.gd:112)
SCRIPT ERROR: Parse Error: Identifier "LateGameTypes" not declared in the current scope.
   at: GDScript::reload (res://game/late_game/late_game_expansion.gd:140)
SCRIPT ERROR: Parse Error: Could not find type "GlobalUpgradePurchaseResult" in the current scope.
   at: GDScript::reload (res://game/late_game/late_game_expansion.gd:144)
SCRIPT ERROR: Parse Error: Identifier "GlobalUpgradePurchaseResult" not declared in the current scope.
   at: GDScript::reload (res://game/late_game/late_game_expansion.gd:144)
SCRIPT ERROR: Parse Error: Could not find type "LateGameTypes" in the current scope.
   at: GDScript::reload (res://game/late_game/late_game_expansion.gd:145)
SCRIPT ERROR: Parse Error: Identifier "LateGameTypes" not declared in the current scope.
   at: GDScript::reload (res://game/late_game/late_game_expansion.gd:148)
SCRIPT ERROR: Parse Error: Identifier "LateGameTypes" not declared in the current scope.
   at: GDScript::reload (res://game/late_game/late_game_expansion.gd:151)
SCRIPT ERROR: Parse Error: Identifier "LateGameTypes" not declared in the current scope.
   at: GDScript::reload (res://game/late_game/late_game_expansion.gd:154)
SCRIPT ERROR: Parse Error: Identifier "LateGameTypes" not declared in the current scope.
   at: GDScript::reload (res://game/late_game/late_game_expansion.gd:155)
SCRIPT ERROR: Parse Error: Identifier "LateGameTypes" not declared in the current scope.
   at: GDScript::reload (res://game/late_game/late_game_expansion.gd:156)
SCRIPT ERROR: Parse Error: Identifier "LateGameTypes" not declared in the current scope.
   at: GDScript::reload (res://game/late_game/late_game_expansion.gd:158)
SCRIPT ERROR: Parse Error: Identifier "LateGameTypes" not declared in the current scope.
   at: GDScript::reload (res://game/late_game/late_game_expansion.gd:161)
SCRIPT ERROR: Parse Error: Identifier "LateGameTypes" not declared in the current scope.
   at: GDScript::reload (res://game/late_game/late_game_expansion.gd:162)
SCRIPT ERROR: Parse Error: Identifier "LateGameTypes" not declared in the current scope.
   at: GDScript::reload (res://game/late_game/late_game_expansion.gd:165)
SCRIPT ERROR: Parse Error: Identifier "LateGameTypes" not declared in the current scope.
   at: GDScript::reload (res://game/late_game/late_game_expansion.gd:167)
SCRIPT ERROR: Parse Error: Identifier "LateGameTypes" not declared in the current scope.
   at: GDScript::reload (res://game/late_game/late_game_expansion.gd:171)
SCRIPT ERROR: Parse Error: Identifier "LateGameTypes" not declared in the current scope.
   at: GDScript::reload (res://game/late_game/late_game_expansion.gd:175)
SCRIPT ERROR: Parse Error: Identifier "LateGameTypes" not declared in the current scope.
   at: GDScript::reload (res://game/late_game/late_game_expansion.gd:181)
SCRIPT ERROR: Parse Error: Identifier "LateGameTypes" not declared in the current scope.
   at: GDScript::reload (res://game/late_game/late_game_expansion.gd:185)
SCRIPT ERROR: Parse Error: Could not find type "LateGameStatus" in the current scope.
   at: GDScript::reload (res://game/late_game/late_game_expansion.gd:199)
SCRIPT ERROR: Parse Error: Identifier "LateGameStatus" not declared in the current scope.
   at: GDScript::reload (res://game/late_game/late_game_expansion.gd:199)
SCRIPT ERROR: Parse Error: Identifier "LateGameTypes" not declared in the current scope.
   at: GDScript::reload (res://game/late_game/late_game_expansion.gd:208)
SCRIPT ERROR: Parse Error: Identifier "LateGameTypes" not declared in the current scope.
   at: GDScript::reload (res://game/late_game/late_game_expansion.gd:209)
SCRIPT ERROR: Parse Error: Identifier "LateGameTypes" not declared in the current scope.
   at: GDScript::reload (res://game/late_game/late_game_expansion.gd:210)
SCRIPT ERROR: Parse Error: Identifier "StoryIds" not declared in the current scope.
   at: GDScript::reload (res://game/late_game/late_game_expansion.gd:212)
SCRIPT ERROR: Parse Error: Identifier "LateGameTypes" not declared in the current scope.
   at: GDScript::reload (res://game/late_game/late_game_expansion.gd:220)
SCRIPT ERROR: Parse Error: Identifier "LateGameTypes" not declared in the current scope.
   at: GDScript::reload (res://game/late_game/late_game_expansion.gd:228)
SCRIPT ERROR: Parse Error: Identifier "LateGameTypes" not declared in the current scope.
   at: GDScript::reload (res://game/late_game/late_game_expansion.gd:232)
SCRIPT ERROR: Parse Error: Identifier "LateGameTypes" not declared in the current scope.
   at: GDScript::reload (res://game/late_game/late_game_expansion.gd:245)
SCRIPT ERROR: Parse Error: Identifier "LateGameTypes" not declared in the current scope.
   at: GDScript::reload (res://game/late_game/late_game_expansion.gd:250)
SCRIPT ERROR: Parse Error: Identifier "LateGameTypes" not declared in the current scope.
   at: GDScript::reload (res://game/late_game/late_game_expansion.gd:259)
SCRIPT ERROR: Parse Error: Identifier "StoryIds" not declared in the current scope.
   at: GDScript::reload (res://game/late_game/late_game_expansion.gd:261)
SCRIPT ERROR: Parse Error: Identifier "LateGameTypes" not declared in the current scope.
   at: GDScript::reload (res://game/late_game/late_game_expansion.gd:284)
SCRIPT ERROR: Parse Error: Expression in match pattern must be a constant expression, an identifier, or an attribute access ("A.B").
   at: GDScript::reload (res://game/late_game/late_game_expansion.gd:284)
SCRIPT ERROR: Parse Error: Identifier "LateGameTypes" not declared in the current scope.
   at: GDScript::reload (res://game/late_game/late_game_expansion.gd:286)
SCRIPT ERROR: Parse Error: Expression in match pattern must be a constant expression, an identifier, or an attribute access ("A.B").
   at: GDScript::reload (res://game/late_game/late_game_expansion.gd:286)
SCRIPT ERROR: Parse Error: Identifier "LateGameTypes" not declared in the current scope.
   at: GDScript::reload (res://game/late_game/late_game_expansion.gd:288)
SCRIPT ERROR: Parse Error: Expression in match pattern must be a constant expression, an identifier, or an attribute access ("A.B").
   at: GDScript::reload (res://game/late_game/late_game_expansion.gd:288)
SCRIPT ERROR: Parse Error: Identifier "GameTypes" not declared in the current scope.
   at: GDScript::reload (res://game/late_game/late_game_expansion.gd:297)
ERROR: Failed to load script "res://game/late_game/late_game_expansion.gd" with error "Parse error".
   at: load (modules/gdscript/gdscript_resource_format.cpp:46)
ERROR: Failed to instantiate an autoload, script 'res://game/late_game/late_game_expansion.gd' does not inherit from 'Node'.
   at: start (main/main.cpp:4535)
SCRIPT ERROR: Parse Error: Could not find type "SaveTypes" in the current scope.
   at: GDScript::reload (res://persistence/save_system.gd:102)
SCRIPT ERROR: Parse Error: Could not find type "SaveSlotMetadata" in the current scope.
   at: GDScript::reload (res://persistence/save_system.gd:102)
SCRIPT ERROR: Parse Error: Could not find type "SaveTypes" in the current scope.
   at: GDScript::reload (res://persistence/save_system.gd:139)
SCRIPT ERROR: Parse Error: Could not find type "SaveResult" in the current scope.
   at: GDScript::reload (res://persistence/save_system.gd:139)
SCRIPT ERROR: Parse Error: Could not find type "SaveResult" in the current scope.
   at: GDScript::reload (res://persistence/save_system.gd:166)
SCRIPT ERROR: Parse Error: Could not find type "SaveTypes" in the current scope.
   at: GDScript::reload (res://persistence/save_system.gd:174)
SCRIPT ERROR: Parse Error: Could not find type "SaveResult" in the current scope.
   at: GDScript::reload (res://persistence/save_system.gd:174)
SCRIPT ERROR: Parse Error: Could not find type "SaveTypes" in the current scope.
   at: GDScript::reload (res://persistence/save_system.gd:238)
SCRIPT ERROR: Parse Error: Could not find type "SaveResult" in the current scope.
   at: GDScript::reload (res://persistence/save_system.gd:238)
SCRIPT ERROR: Parse Error: Could not find type "SaveResult" in the current scope.
   at: GDScript::reload (res://persistence/save_system.gd:257)
SCRIPT ERROR: Parse Error: Could not find type "SaveResult" in the current scope.
   at: GDScript::reload (res://persistence/save_system.gd:274)
SCRIPT ERROR: Parse Error: Could not find type "SaveResult" in the current scope.
   at: GDScript::reload (res://persistence/save_system.gd:316)
SCRIPT ERROR: Parse Error: Could not find type "SaveSlotMetadata" in the current scope.
   at: GDScript::reload (res://persistence/save_system.gd:653)
SCRIPT ERROR: Parse Error: Identifier "DfLog" not declared in the current scope.
   at: GDScript::reload (res://persistence/save_system.gd:31)
SCRIPT ERROR: Parse Error: Identifier "PlayerController" not declared in the current scope.
   at: GDScript::reload (res://persistence/save_system.gd:75)
SCRIPT ERROR: Parse Error: Identifier "PlayerController" not declared in the current scope.
   at: GDScript::reload (res://persistence/save_system.gd:76)
SCRIPT ERROR: Parse Error: Could not find type "SaveSlotMetadata" in the current scope.
   at: GDScript::reload (res://persistence/save_system.gd:103)
SCRIPT ERROR: Parse Error: Identifier "SaveSlotMetadata" not declared in the current scope.
   at: GDScript::reload (res://persistence/save_system.gd:103)
SCRIPT ERROR: Parse Error: Identifier "SaveTypes" not declared in the current scope.
   at: GDScript::reload (res://persistence/save_system.gd:104)
SCRIPT ERROR: Parse Error: Identifier "SaveTypes" not declared in the current scope.
   at: GDScript::reload (res://persistence/save_system.gd:106)
SCRIPT ERROR: Parse Error: Identifier "SaveTypes" not declared in the current scope.
   at: GDScript::reload (res://persistence/save_system.gd:117)
SCRIPT ERROR: Parse Error: Identifier "SaveTypes" not declared in the current scope.
   at: GDScript::reload (res://persistence/save_system.gd:122)
SCRIPT ERROR: Parse Error: Identifier "SaveTypes" not declared in the current scope.
   at: GDScript::reload (res://persistence/save_system.gd:131)
SCRIPT ERROR: Parse Error: Could not find type "SaveTypes" in the current scope.
   at: GDScript::reload (res://persistence/save_system.gd:131)
SCRIPT ERROR: Parse Error: Identifier "SaveTypes" not declared in the current scope.
   at: GDScript::reload (res://persistence/save_system.gd:140)
SCRIPT ERROR: Parse Error: Could not find type "SaveResult" in the current scope.
   at: GDScript::reload (res://persistence/save_system.gd:141)
SCRIPT ERROR: Parse Error: Identifier "SaveTypes" not declared in the current scope.
   at: GDScript::reload (res://persistence/save_system.gd:141)
SCRIPT ERROR: Parse Error: Identifier "SaveResult" not declared in the current scope.
   at: GDScript::reload (res://persistence/save_system.gd:141)
SCRIPT ERROR: Parse Error: Identifier "SaveTypes" not declared in the current scope.
   at: GDScript::reload (res://persistence/save_system.gd:144)
SCRIPT ERROR: Parse Error: Identifier "SaveTypes" not declared in the current scope.
   at: GDScript::reload (res://persistence/save_system.gd:145)
SCRIPT ERROR: Parse Error: Identifier "SaveResult" not declared in the current scope.
   at: GDScript::reload (res://persistence/save_system.gd:145)
SCRIPT ERROR: Parse Error: Could not find type "SaveResult" in the current scope.
   at: GDScript::reload (res://persistence/save_system.gd:150)
SCRIPT ERROR: Parse Error: Identifier "SaveTypes" not declared in the current scope.
   at: GDScript::reload (res://persistence/save_system.gd:150)
SCRIPT ERROR: Parse Error: Identifier "SaveResult" not declared in the current scope.
   at: GDScript::reload (res://persistence/save_system.gd:150)
SCRIPT ERROR: Parse Error: Identifier "SaveTypes" not declared in the current scope.
   at: GDScript::reload (res://persistence/save_system.gd:154)
SCRIPT ERROR: Parse Error: Identifier "SaveTypes" not declared in the current scope.
   at: GDScript::reload (res://persistence/save_system.gd:155)
SCRIPT ERROR: Parse Error: Could not find type "SaveResult" in the current scope.
   at: GDScript::reload (res://persistence/save_system.gd:156)
SCRIPT ERROR: Parse Error: Identifier "SaveTypes" not declared in the current scope.
   at: GDScript::reload (res://persistence/save_system.gd:156)
SCRIPT ERROR: Parse Error: Identifier "SaveResult" not declared in the current scope.
   at: GDScript::reload (res://persistence/save_system.gd:156)
SCRIPT ERROR: Parse Error: Could not find type "SaveResult" in the current scope.
   at: GDScript::reload (res://persistence/save_system.gd:159)
SCRIPT ERROR: Parse Error: Identifier "SaveResult" not declared in the current scope.
   at: GDScript::reload (res://persistence/save_system.gd:159)
SCRIPT ERROR: Parse Error: Identifier "SaveTypes" not declared in the current scope.
   at: GDScript::reload (res://persistence/save_system.gd:161)
SCRIPT ERROR: Parse Error: Identifier "SaveTypes" not declared in the current scope.
   at: GDScript::reload (res://persistence/save_system.gd:168)
SCRIPT ERROR: Parse Error: Identifier "SaveTypes" not declared in the current scope.
   at: GDScript::reload (res://persistence/save_system.gd:168)
SCRIPT ERROR: Parse Error: Identifier "SaveResult" not declared in the current scope.
   at: GDScript::reload (res://persistence/save_system.gd:168)
SCRIPT ERROR: Parse Error: Identifier "SaveTypes" not declared in the current scope.
   at: GDScript::reload (res://persistence/save_system.gd:170)
SCRIPT ERROR: Parse Error: Identifier "SaveTypes" not declared in the current scope.
   at: GDScript::reload (res://persistence/save_system.gd:170)
SCRIPT ERROR: Parse Error: Identifier "SaveResult" not declared in the current scope.
   at: GDScript::reload (res://persistence/save_system.gd:170)
SCRIPT ERROR: Parse Error: Identifier "SaveTypes" not declared in the current scope.
   at: GDScript::reload (res://persistence/save_system.gd:171)
SCRIPT ERROR: Parse Error: Identifier "SaveTypes" not declared in the current scope.
   at: GDScript::reload (res://persistence/save_system.gd:176)
SCRIPT ERROR: Parse Error: Identifier "SaveTypes" not declared in the current scope.
   at: GDScript::reload (res://persistence/save_system.gd:177)
SCRIPT ERROR: Parse Error: Could not find type "SaveResult" in the current scope.
   at: GDScript::reload (res://persistence/save_system.gd:189)
SCRIPT ERROR: Parse Error: Identifier "SaveTypes" not declared in the current scope.
   at: GDScript::reload (res://persistence/save_system.gd:191)
SCRIPT ERROR: Parse Error: Could not find type "SaveTypes" in the current scope.
   at: GDScript::reload (res://persistence/save_system.gd:191)
SCRIPT ERROR: Parse Error: Identifier "SaveResult" not declared in the current scope.
   at: GDScript::reload (res://persistence/save_system.gd:189)
SCRIPT ERROR: Parse Error: Could not find type "SaveResult" in the current scope.
   at: GDScript::reload (res://persistence/save_system.gd:197)
SCRIPT ERROR: Parse Error: Identifier "SaveTypes" not declared in the current scope.
   at: GDScript::reload (res://persistence/save_system.gd:199)
SCRIPT ERROR: Parse Error: Could not find type "SaveTypes" in the current scope.
   at: GDScript::reload (res://persistence/save_system.gd:199)
SCRIPT ERROR: Parse Error: Identifier "SaveResult" not declared in the current scope.
   at: GDScript::reload (res://persistence/save_system.gd:197)
SCRIPT ERROR: Parse Error: Could not find type "SaveResult" in the current scope.
   at: GDScript::reload (res://persistence/save_system.gd:209)
SCRIPT ERROR: Parse Error: Identifier "SaveTypes" not declared in the current scope.
   at: GDScript::reload (res://persistence/save_system.gd:211)
SCRIPT ERROR: Parse Error: Could not find type "SaveTypes" in the current scope.
   at: GDScript::reload (res://persistence/save_system.gd:211)
SCRIPT ERROR: Parse Error: Identifier "SaveResult" not declared in the current scope.
   at: GDScript::reload (res://persistence/save_system.gd:209)
SCRIPT ERROR: Parse Error: Could not find type "SaveResult" in the current scope.
   at: GDScript::reload (res://persistence/save_system.gd:217)
SCRIPT ERROR: Parse Error: Identifier "SaveTypes" not declared in the current scope.
   at: GDScript::reload (res://persistence/save_system.gd:217)
SCRIPT ERROR: Parse Error: Identifier "SaveResult" not declared in the current scope.
   at: GDScript::reload (res://persistence/save_system.gd:217)
SCRIPT ERROR: Parse Error: Could not find type "SaveResult" in the current scope.
   at: GDScript::reload (res://persistence/save_system.gd:221)
SCRIPT ERROR: Parse Error: Identifier "SaveTypes" not declared in the current scope.
   at: GDScript::reload (res://persistence/save_system.gd:223)
SCRIPT ERROR: Parse Error: Could not find type "SaveTypes" in the current scope.
   at: GDScript::reload (res://persistence/save_system.gd:223)
SCRIPT ERROR: Parse Error: Identifier "SaveResult" not declared in the current scope.
   at: GDScript::reload (res://persistence/save_system.gd:221)
SCRIPT ERROR: Parse Error: Could not find type "SaveResult" in the current scope.
   at: GDScript::reload (res://persistence/save_system.gd:230)
SCRIPT ERROR: Parse Error: Identifier "SaveTypes" not declared in the current scope.
   at: GDScript::reload (res://persistence/save_system.gd:230)
SCRIPT ERROR: Parse Error: Identifier "SaveResult" not declared in the current scope.
   at: GDScript::reload (res://persistence/save_system.gd:230)
SCRIPT ERROR: Parse Error: Could not find type "SaveResult" in the current scope.
   at: GDScript::reload (res://persistence/save_system.gd:233)
SCRIPT ERROR: Parse Error: Identifier "SaveResult" not declared in the current scope.
   at: GDScript::reload (res://persistence/save_system.gd:233)
SCRIPT ERROR: Parse Error: Identifier "SaveTypes" not declared in the current scope.
   at: GDScript::reload (res://persistence/save_system.gd:239)
SCRIPT ERROR: Parse Error: Identifier "SaveTypes" not declared in the current scope.
   at: GDScript::reload (res://persistence/save_system.gd:240)
SCRIPT ERROR: Parse Error: Identifier "SaveTypes" not declared in the current scope.
   at: GDScript::reload (res://persistence/save_system.gd:245)
SCRIPT ERROR: Parse Error: Identifier "SaveResult" not declared in the current scope.
   at: GDScript::reload (res://persistence/save_system.gd:245)
SCRIPT ERROR: Parse Error: Identifier "SaveTypes" not declared in the current scope.
   at: GDScript::reload (res://persistence/save_system.gd:250)
SCRIPT ERROR: Parse Error: Identifier "SaveResult" not declared in the current scope.
   at: GDScript::reload (res://persistence/save_system.gd:250)
SCRIPT ERROR: Parse Error: Identifier "SaveTypes" not declared in the current scope.
   at: GDScript::reload (res://persistence/save_system.gd:253)
SCRIPT ERROR: Parse Error: Identifier "SaveResult" not declared in the current scope.
   at: GDScript::reload (res://persistence/save_system.gd:253)
SCRIPT ERROR: Parse Error: Identifier "SaveResult" not declared in the current scope.
   at: GDScript::reload (res://persistence/save_system.gd:254)
SCRIPT ERROR: Parse Error: Could not find type "SaveTypes" in the current scope.
   at: GDScript::reload (res://persistence/save_system.gd:258)
SCRIPT ERROR: Parse Error: Identifier "SaveTypes" not declared in the current scope.
   at: GDScript::reload (res://persistence/save_system.gd:258)
SCRIPT ERROR: Parse Error: Identifier "SaveTypes" not declared in the current scope.
   at: GDScript::reload (res://persistence/save_system.gd:261)
SCRIPT ERROR: Parse Error: Could not find type "SaveSlotMetadata" in the current scope.
   at: GDScript::reload (res://persistence/save_system.gd:262)
SCRIPT ERROR: Parse Error: Identifier "SaveTypes" not declared in the current scope.
   at: GDScript::reload (res://persistence/save_system.gd:270)
SCRIPT ERROR: Parse Error: Identifier "SaveTypes" not declared in the current scope.
   at: GDScript::reload (res://persistence/save_system.gd:270)
SCRIPT ERROR: Parse Error: Identifier "SaveResult" not declared in the current scope.
   at: GDScript::reload (res://persistence/save_system.gd:270)
SCRIPT ERROR: Parse Error: Identifier "WorldTypes" not declared in the current scope.
   at: GDScript::reload (res://persistence/save_system.gd:299)
SCRIPT ERROR: Parse Error: Identifier "SaveTypes" not declared in the current scope.
   at: GDScript::reload (res://persistence/save_system.gd:304)
SCRIPT ERROR: Parse Error: Identifier "SaveTypes" not declared in the current scope.
   at: GDScript::reload (res://persistence/save_system.gd:305)
SCRIPT ERROR: Parse Error: Identifier "SaveResult" not declared in the current scope.
   at: GDScript::reload (res://persistence/save_system.gd:303)
SCRIPT ERROR: Parse Error: Identifier "SaveTypes" not declared in the current scope.
   at: GDScript::reload (res://persistence/save_system.gd:313)
SCRIPT ERROR: Parse Error: Identifier "SaveResult" not declared in the current scope.
   at: GDScript::reload (res://persistence/save_system.gd:313)
SCRIPT ERROR: Parse Error: Identifier "SaveTypes" not declared in the current scope.
   at: GDScript::reload (res://persistence/save_system.gd:321)
SCRIPT ERROR: Parse Error: Identifier "SaveResult" not declared in the current scope.
   at: GDScript::reload (res://persistence/save_system.gd:321)
SCRIPT ERROR: Parse Error: Identifier "SaveTypes" not declared in the current scope.
   at: GDScript::reload (res://persistence/save_system.gd:343)
SCRIPT ERROR: Parse Error: Identifier "SaveTypes" not declared in the current scope.
   at: GDScript::reload (res://persistence/save_system.gd:393)
SCRIPT ERROR: Parse Error: Identifier "DfLog" not declared in the current scope.
   at: GDScript::reload (res://persistence/save_system.gd:395)
SCRIPT ERROR: Parse Error: Identifier "SaveTypes" not declared in the current scope.
   at: GDScript::reload (res://persistence/save_system.gd:406)
SCRIPT ERROR: Parse Error: Identifier "SaveTypes" not declared in the current scope.
   at: GDScript::reload (res://persistence/save_system.gd:413)
SCRIPT ERROR: Parse Error: Identifier "SaveTypes" not declared in the current scope.
   at: GDScript::reload (res://persistence/save_system.gd:426)
SCRIPT ERROR: Parse Error: Identifier "SaveTypes" not declared in the current scope.
   at: GDScript::reload (res://persistence/save_system.gd:506)
SCRIPT ERROR: Parse Error: Identifier "DfLog" not declared in the current scope.
   at: GDScript::reload (res://persistence/save_system.gd:563)
SCRIPT ERROR: Parse Error: Identifier "SaveTypes" not declared in the current scope.
   at: GDScript::reload (res://persistence/save_system.gd:591)
SCRIPT ERROR: Parse Error: Identifier "SaveTypes" not declared in the current scope.
   at: GDScript::reload (res://persistence/save_system.gd:597)
SCRIPT ERROR: Parse Error: Identifier "SaveTypes" not declared in the current scope.
   at: GDScript::reload (res://persistence/save_system.gd:600)
SCRIPT ERROR: Parse Error: Identifier "SaveTypes" not declared in the current scope.
   at: GDScript::reload (res://persistence/save_system.gd:601)
SCRIPT ERROR: Parse Error: Identifier "SaveTypes" not declared in the current scope.
   at: GDScript::reload (res://persistence/save_system.gd:603)
SCRIPT ERROR: Parse Error: Identifier "SaveTypes" not declared in the current scope.
   at: GDScript::reload (res://persistence/save_system.gd:606)
SCRIPT ERROR: Parse Error: Identifier "SaveTypes" not declared in the current scope.
   at: GDScript::reload (res://persistence/save_system.gd:609)
SCRIPT ERROR: Parse Error: Identifier "SaveTypes" not declared in the current scope.
   at: GDScript::reload (res://persistence/save_system.gd:611)
SCRIPT ERROR: Parse Error: Identifier "SaveTypes" not declared in the current scope.
   at: GDScript::reload (res://persistence/save_system.gd:614)
SCRIPT ERROR: Parse Error: Identifier "SaveTypes" not declared in the current scope.
   at: GDScript::reload (res://persistence/save_system.gd:617)
SCRIPT ERROR: Parse Error: Identifier "SaveTypes" not declared in the current scope.
   at: GDScript::reload (res://persistence/save_system.gd:620)
SCRIPT ERROR: Parse Error: Identifier "SaveTypes" not declared in the current scope.
   at: GDScript::reload (res://persistence/save_system.gd:624)
SCRIPT ERROR: Parse Error: Identifier "SaveTypes" not declared in the current scope.
   at: GDScript::reload (res://persistence/save_system.gd:627)
SCRIPT ERROR: Parse Error: Identifier "SaveTypes" not declared in the current scope.
   at: GDScript::reload (res://persistence/save_system.gd:630)
SCRIPT ERROR: Parse Error: Identifier "SaveTypes" not declared in the current scope.
   at: GDScript::reload (res://persistence/save_system.gd:632)
SCRIPT ERROR: Parse Error: Identifier "SaveTypes" not declared in the current scope.
   at: GDScript::reload (res://persistence/save_system.gd:646)
SCRIPT ERROR: Parse Error: Identifier "SaveTypes" not declared in the current scope.
   at: GDScript::reload (res://persistence/save_system.gd:649)
SCRIPT ERROR: Parse Error: Identifier "SaveTypes" not declared in the current scope.
   at: GDScript::reload (res://persistence/save_system.gd:650)
SCRIPT ERROR: Parse Error: Identifier "SaveTypes" not declared in the current scope.
   at: GDScript::reload (res://persistence/save_system.gd:675)
SCRIPT ERROR: Parse Error: Identifier "DfLog" not declared in the current scope.
   at: GDScript::reload (res://persistence/save_system.gd:686)
SCRIPT ERROR: Parse Error: Identifier "SaveTypes" not declared in the current scope.
   at: GDScript::reload (res://persistence/save_system.gd:723)
SCRIPT ERROR: Parse Error: Identifier "SaveTypes" not declared in the current scope.
   at: GDScript::reload (res://persistence/save_system.gd:724)
SCRIPT ERROR: Parse Error: Identifier "UiScaleHelper" not declared in the current scope.
   at: GDScript::reload (res://persistence/save_system.gd:782)
SCRIPT ERROR: Parse Error: Could not find type "CameraFeedback" in the current scope.
   at: GDScript::reload (res://persistence/save_system.gd:814)
SCRIPT ERROR: Parse Error: Could not find type "CameraFeedback" in the current scope.
   at: GDScript::reload (res://persistence/save_system.gd:815)
SCRIPT ERROR: Parse Error: Could not find type "FinalDateController" in the current scope.
   at: GDScript::reload (res://persistence/save_system.gd:832)
SCRIPT ERROR: Parse Error: Could not find type "FinalDateController" in the current scope.
   at: GDScript::reload (res://persistence/save_system.gd:833)
SCRIPT ERROR: Parse Error: Could not find type "FinalDateController" in the current scope.
   at: GDScript::reload (res://persistence/save_system.gd:833)
ERROR: Failed to load script "res://persistence/save_system.gd" with error "Parse error".
   at: load (modules/gdscript/gdscript_resource_format.cpp:46)
ERROR: Failed to instantiate an autoload, script 'res://persistence/save_system.gd' does not inherit from 'Node'.
   at: start (main/main.cpp:4535)
SCRIPT ERROR: Parse Error: Identifier "AudioIds" not declared in the current scope.
   at: GDScript::reload (res://audio/audio_director.gd:67)
SCRIPT ERROR: Parse Error: Identifier "AudioIds" not declared in the current scope.
   at: GDScript::reload (res://audio/audio_director.gd:112)
SCRIPT ERROR: Parse Error: Identifier "AudioIds" not declared in the current scope.
   at: GDScript::reload (res://audio/audio_director.gd:126)
SCRIPT ERROR: Parse Error: Identifier "AudioIds" not declared in the current scope.
   at: GDScript::reload (res://audio/audio_director.gd:293)
SCRIPT ERROR: Parse Error: Identifier "AudioIds" not declared in the current scope.
   at: GDScript::reload (res://audio/audio_director.gd:300)
SCRIPT ERROR: Parse Error: Identifier "AudioIds" not declared in the current scope.
   at: GDScript::reload (res://audio/audio_director.gd:334)
SCRIPT ERROR: Parse Error: Identifier "AudioIds" not declared in the current scope.
   at: GDScript::reload (res://audio/audio_director.gd:336)
SCRIPT ERROR: Parse Error: Identifier "AudioIds" not declared in the current scope.
   at: GDScript::reload (res://audio/audio_director.gd:338)
ERROR: Failed to load script "res://audio/audio_director.gd" with error "Parse error".
   at: load (modules/gdscript/gdscript_resource_format.cpp:46)
ERROR: Failed to instantiate an autoload, script 'res://audio/audio_director.gd' does not inherit from 'Node'.
   at: start (main/main.cpp:4535)
WARNING: res://main.tscn:3 - ext_resource, invalid UID: uid://dfgh7yx2is80b - using text path instead: res://core/main_bootstrap.gd
   at: load (scene/resources/resource_format_text.cpp:501)
SCRIPT ERROR: Parse Error: Identifier "DfLog" not declared in the current scope.
   at: GDScript::reload (res://core/main_bootstrap.gd:15)
SCRIPT ERROR: Parse Error: Identifier "DfLog" not declared in the current scope.
   at: GDScript::reload (res://core/main_bootstrap.gd:17)
SCRIPT ERROR: Parse Error: Identifier "DfLog" not declared in the current scope.
   at: GDScript::reload (res://core/main_bootstrap.gd:25)
SCRIPT ERROR: Parse Error: Identifier "DfLog" not declared in the current scope.
   at: GDScript::reload (res://core/main_bootstrap.gd:35)
SCRIPT ERROR: Parse Error: Identifier "WorldTypes" not declared in the current scope.
   at: GDScript::reload (res://core/main_bootstrap.gd:38)
SCRIPT ERROR: Parse Error: Identifier "DfLog" not declared in the current scope.
   at: GDScript::reload (res://core/main_bootstrap.gd:39)
ERROR: Failed to load script "res://core/main_bootstrap.gd" with error "Parse error".
   at: load (modules/gdscript/gdscript_resource_format.cpp:46)
[SteamBridge] no AppID configured: Steam init skipped (unavailable)
DATE FACTORY
version=1.0.0
save_schema=1
Godot=4.7.1-stable (official)
OS=Windows
renderer=forward_plus
Steam=unavailable
